"Reference Area","Time Period","Sex","Age group","Units of measurement","Observation Value"
"Albania","2013","Not applicable","Not applicable","Percent","29.03573"
"Algeria","2003","Not applicable","Not applicable","Percent","11.73824"
"Algeria","2002","Not applicable","Not applicable","Percent","11.23548"
"Algeria","2000","Not applicable","Not applicable","Percent","10.11494"
"Algeria","1999","Not applicable","Not applicable","Percent","12.44347"
"Andorra","2013","Not applicable","Not applicable","Percent","15.41457"
"Andorra","2011","Not applicable","Not applicable","Percent","16.62208"
"Andorra","2010","Not applicable","Not applicable","Percent","15.80389"
"Andorra","2009","Not applicable","Not applicable","Percent","14.66964"
"Andorra","2007","Not applicable","Not applicable","Percent","9.76533"
"Andorra","2006","Not applicable","Not applicable","Percent","9.85342"
"Andorra","2005","Not applicable","Not applicable","Percent","7.67959"
"Andorra","2004","Not applicable","Not applicable","Percent","8.31865"
"Andorra","2002","Not applicable","Not applicable","Percent","8.03066"
"Antigua and Barbuda","2009","Not applicable","Not applicable","Percent","8.13557"
"Argentina","2013","Not applicable","Not applicable","Percent","13.88269"
"Argentina","2012","Not applicable","Not applicable","Percent","13.67644"
"Argentina","2011","Not applicable","Not applicable","Percent","14.00041"
"Argentina","2010","Not applicable","Not applicable","Percent","13.08609"
"Argentina","2009","Not applicable","Not applicable","Percent","13.65341"
"Argentina","2008","Not applicable","Not applicable","Percent","12.81408"
"Argentina","2007","Not applicable","Not applicable","Percent","11.56669"
"Argentina","2006","Not applicable","Not applicable","Percent","10.65731"
"Argentina","2005","Not applicable","Not applicable","Percent","9.87104"
"Argentina","2004","Not applicable","Not applicable","Percent","9.43882"
"Argentina","2003","Not applicable","Not applicable","Percent","10.91502"
"Argentina","2002","Not applicable","Not applicable","Percent","11.21425"
"Argentina","2001","Not applicable","Not applicable","Percent","14.3596"
"Argentina","2000","Not applicable","Not applicable","Percent","12.76096"
"Argentina","1999","Not applicable","Not applicable","Percent","12.86519"
"Argentina","1998","Not applicable","Not applicable","Percent","10.96493"
"Armenia","2013","Not applicable","Not applicable","Percent","12.02663"
"Armenia","2012","Not applicable","Not applicable","Percent","16.20086"
"Aruba","2005","Not applicable","Not applicable","Percent","12.2113"
"Aruba","2004","Not applicable","Not applicable","Percent","11.41432"
"Aruba","2002","Not applicable","Not applicable","Percent","13.78537"
"Aruba","2001","Not applicable","Not applicable","Percent","12.19361"
"Aruba","2000","Not applicable","Not applicable","Percent","13.06354"
"Aruba","1999","Not applicable","Not applicable","Percent","11.5909"
"Australia","2012","Not applicable","Not applicable","Percent","18.27611"
"Australia","2011","Not applicable","Not applicable","Percent","20.09362"
"Australia","2010","Not applicable","Not applicable","Percent","22.43019"
"Australia","2009","Not applicable","Not applicable","Percent","19.9527"
"Australia","2008","Not applicable","Not applicable","Percent","17.63353"
"Australia","2007","Not applicable","Not applicable","Percent","17.27916"
"Australia","2006","Not applicable","Not applicable","Percent","17.70497"
"Australia","2005","Not applicable","Not applicable","Percent","17.92207"
"Australia","2000","Not applicable","Not applicable","Percent","16.75547"
"Austria","2012","Not applicable","Not applicable","Percent","21.97138"
"Austria","2011","Not applicable","Not applicable","Percent","24.69787"
"Austria","2010","Not applicable","Not applicable","Percent","25.04465"
"Austria","2009","Not applicable","Not applicable","Percent","25.29205"
"Austria","2008","Not applicable","Not applicable","Percent","23.30296"
"Austria","2007","Not applicable","Not applicable","Percent","22.29696"
"Austria","2006","Not applicable","Not applicable","Percent","22.70007"
"Austria","2005","Not applicable","Not applicable","Percent","22.70759"
"Austria","2004","Not applicable","Not applicable","Percent","22.09407"
"Austria","2003","Not applicable","Not applicable","Percent","22.69071"
"Austria","2002","Not applicable","Not applicable","Percent","22.90686"
"Austria","2001","Not applicable","Not applicable","Percent","22.48955"
"Austria","2000","Not applicable","Not applicable","Percent","22.51919"
"Austria","1999","Not applicable","Not applicable","Percent","24.40618"
"Austria","1998","Not applicable","Not applicable","Percent","24.58052"
"Bangladesh","2009","Not applicable","Not applicable","Percent","7.7608"
"Bangladesh","2008","Not applicable","Not applicable","Percent","8.51756"
"Bangladesh","2007","Not applicable","Not applicable","Percent","9.04546"
"Bangladesh","2006","Not applicable","Not applicable","Percent","7.80606"
"Barbados","2008","Not applicable","Not applicable","Percent","22.55518"
"Barbados","2005","Not applicable","Not applicable","Percent","18.98914"
"Barbados","2004","Not applicable","Not applicable","Percent","19.60628"
"Barbados","2003","Not applicable","Not applicable","Percent","19.1845"
"Barbados","2002","Not applicable","Not applicable","Percent","17.58063"
"Barbados","2001","Not applicable","Not applicable","Percent","19.16678"
"Barbados","2000","Not applicable","Not applicable","Percent","13.89868"
"Barbados","1999","Not applicable","Not applicable","Percent","10.39644"
"Belgium","2012","Not applicable","Not applicable","Percent","23.08147"
"Belgium","2011","Not applicable","Not applicable","Percent","22.29648"
"Belgium","2010","Not applicable","Not applicable","Percent","22.44879"
"Belgium","2009","Not applicable","Not applicable","Percent","21.50613"
"Belgium","2008","Not applicable","Not applicable","Percent","21.79528"
"Belgium","2007","Not applicable","Not applicable","Percent","19.93443"
"Belgium","2006","Not applicable","Not applicable","Percent","19.78327"
"Belgium","2005","Not applicable","Not applicable","Percent","19.33642"
"Belgium","2004","Not applicable","Not applicable","Percent","19.26547"
"Belgium","2003","Not applicable","Not applicable","Percent","19.26674"
"Belgium","2002","Not applicable","Not applicable","Percent","17.95853"
"Belgium","2001","Not applicable","Not applicable","Percent","17.788"
"Belize","2013","Not applicable","Not applicable","Percent","15.34578"
"Belize","2012","Not applicable","Not applicable","Percent","14.3967"
"Belize","2010","Not applicable","Not applicable","Percent","17.43299"
"Belize","2009","Not applicable","Not applicable","Percent","15.39968"
"Belize","2008","Not applicable","Not applicable","Percent","14.81726"
"Belize","2006","Not applicable","Not applicable","Percent","13.53295"
"Belize","2005","Not applicable","Not applicable","Percent","13.14644"
"Belize","2004","Not applicable","Not applicable","Percent","11.91645"
"Belize","2000","Not applicable","Not applicable","Percent","15.76312"
"Belize","1999","Not applicable","Not applicable","Percent","16.49787"
"Benin","2014","Not applicable","Not applicable","Percent","11.66128"
"Benin","2013","Not applicable","Not applicable","Percent","12.56797"
"Benin","2012","Not applicable","Not applicable","Percent","13.6059"
"Benin","2010","Not applicable","Not applicable","Percent","15.01058"
"Benin","2009","Not applicable","Not applicable","Percent","14.05505"
"Benin","2008","Not applicable","Not applicable","Percent","12.92016"
"Benin","2006","Not applicable","Not applicable","Percent","12.67442"
"Benin","2005","Not applicable","Not applicable","Percent","11.42037"
"Benin","2004","Not applicable","Not applicable","Percent","12.03486"
"Benin","2003","Not applicable","Not applicable","Percent","11.19805"
"Benin","2002","Not applicable","Not applicable","Percent","11.1485"
"Benin","2001","Not applicable","Not applicable","Percent","13.0549"
"Benin","2000","Not applicable","Not applicable","Percent","12.04541"
"Bermuda","2014","Not applicable","Not applicable","Percent","8.46154"
"Bermuda","2010","Not applicable","Not applicable","Percent","11.96799"
"Bermuda","2005","Not applicable","Not applicable","Percent","10.92196"
"Bermuda","2004","Not applicable","Not applicable","Percent","9.40736"
"Bhutan","2014","Not applicable","Not applicable","Percent","13.77063"
"Bhutan","2013","Not applicable","Not applicable","Percent","8.18258"
"Bhutan","2011","Not applicable","Not applicable","Percent","9.52374"
"Bhutan","2010","Not applicable","Not applicable","Percent","7.7978"
"Bhutan","2009","Not applicable","Not applicable","Percent","8.99587"
"Bhutan","2008","Not applicable","Not applicable","Percent","7.29124"
"Bhutan","2005","Not applicable","Not applicable","Percent","10.28841"
"Bhutan","2004","Not applicable","Not applicable","Percent","8.15145"
"Bolivia","2012","Not applicable","Not applicable","Percent","18.65937"
"Bolivia","2011","Not applicable","Not applicable","Percent","18.54123"
"Bolivia","2010","Not applicable","Not applicable","Percent","21.29112"
"Bolivia","2009","Not applicable","Not applicable","Percent","22.25848"
"Bolivia","2008","Not applicable","Not applicable","Percent","18.85948"
"Bolivia","2006","Not applicable","Not applicable","Percent","13.97207"
"Bolivia","2003","Not applicable","Not applicable","Percent","16.56749"
"Bolivia","2002","Not applicable","Not applicable","Percent","15.62243"
"Bolivia","2001","Not applicable","Not applicable","Percent","12.01663"
"Bolivia","2000","Not applicable","Not applicable","Percent","12.61579"
"Bolivia","1999","Not applicable","Not applicable","Percent","14.5041"
"Bolivia","1998","Not applicable","Not applicable","Percent","13.65876"
"Botswana","2009","Not applicable","Not applicable","Percent","10.14517"
"Botswana","2007","Not applicable","Not applicable","Percent","14.04325"
"Botswana","2005","Not applicable","Not applicable","Percent","18.09568"
"Brazil","2012","Not applicable","Not applicable","Percent","21.04017"
"Brazil","2011","Not applicable","Not applicable","Percent","20.07772"
"Brazil","2010","Not applicable","Not applicable","Percent","20.44247"
"Brazil","2009","Not applicable","Not applicable","Percent","19.64212"
"Brazil","2008","Not applicable","Not applicable","Percent","18.11903"
"Brazil","2007","Not applicable","Not applicable","Percent","16.92351"
"Brazil","2005","Not applicable","Not applicable","Percent","15.18956"
"Brazil","2004","Not applicable","Not applicable","Percent","12.68392"
"Brazil","2002","Not applicable","Not applicable","Percent","9.77543"
"Brazil","2001","Not applicable","Not applicable","Percent","10.34319"
"Brazil","2000","Not applicable","Not applicable","Percent","10.50031"
"Brazil","1999","Not applicable","Not applicable","Percent","10.56225"
"Brunei Darussalam","2010","Not applicable","Not applicable","Percent","5.15607"
"Bulgaria","2012","Not applicable","Not applicable","Percent","19.35668"
"Bulgaria","2011","Not applicable","Not applicable","Percent","19.55209"
"Bulgaria","2010","Not applicable","Not applicable","Percent","22.35478"
"Bulgaria","2009","Not applicable","Not applicable","Percent","23.52633"
"Bulgaria","2008","Not applicable","Not applicable","Percent","23.27409"
"Bulgaria","2007","Not applicable","Not applicable","Percent","20.99978"
"Bulgaria","2006","Not applicable","Not applicable","Percent","22.17059"
"Bulgaria","2005","Not applicable","Not applicable","Percent","22.69191"
"Bulgaria","2004","Not applicable","Not applicable","Percent","11.30133"
"Bulgaria","2003","Not applicable","Not applicable","Percent","17.98413"
"Bulgaria","2002","Not applicable","Not applicable","Percent","15.3723"
"Bulgaria","2001","Not applicable","Not applicable","Percent","14.94463"
"Bulgaria","1998","Not applicable","Not applicable","Percent","12.52627"
"Burkina Faso","2013","Not applicable","Not applicable","Percent","18.58"
"Burkina Faso","2012","Not applicable","Not applicable","Percent","17.25703"
"Burkina Faso","2011","Not applicable","Not applicable","Percent","20.3696"
"Burkina Faso","2010","Not applicable","Not applicable","Percent","18.03859"
"Burkina Faso","2007","Not applicable","Not applicable","Percent","28.0451"
"Burkina Faso","2006","Not applicable","Not applicable","Percent","29.59899"
"Burkina Faso","2005","Not applicable","Not applicable","Percent","33.32324"
"Burundi","2013","Not applicable","Not applicable","Percent","12.43856"
"Burundi","2012","Not applicable","Not applicable","Percent","12.73404"
"Burundi","2011","Not applicable","Not applicable","Percent","14.61138"
"Burundi","2010","Not applicable","Not applicable","Percent","15.39819"
"Burundi","2009","Not applicable","Not applicable","Percent","17.27595"
"Burundi","2008","Not applicable","Not applicable","Percent","14.46918"
"Burundi","2005","Not applicable","Not applicable","Percent","14.03209"
"Burundi","2004","Not applicable","Not applicable","Percent","14.71235"
"Burundi","2002","Not applicable","Not applicable","Percent","11.09419"
"Burundi","2001","Not applicable","Not applicable","Percent","10.60428"
"Burundi","2000","Not applicable","Not applicable","Percent","9.46506"
"Burundi","1999","Not applicable","Not applicable","Percent","12.49222"
"Cambodia","2010","Not applicable","Not applicable","Percent","6.88351"
"Cambodia","2002","Not applicable","Not applicable","Percent","5.14623"
"Cambodia","2001","Not applicable","Not applicable","Percent","6.57734"
"Cambodia","2000","Not applicable","Not applicable","Percent","5.67726"
"Cambodia","1998","Not applicable","Not applicable","Percent","5.07554"
"Cameroon","2012","Not applicable","Not applicable","Percent","6.05134"
"Cameroon","2011","Not applicable","Not applicable","Percent","5.89114"
"Cameroon","2010","Not applicable","Not applicable","Percent","6.64983"
"Cameroon","2009","Not applicable","Not applicable","Percent","7.09944"
"Cameroon","2008","Not applicable","Not applicable","Percent","5.89165"
"Cameroon","2007","Not applicable","Not applicable","Percent","7.62078"
"Cameroon","2006","Not applicable","Not applicable","Percent","7.09094"
"Cameroon","2005","Not applicable","Not applicable","Percent","6.67052"
"Cape Verde","2013","Not applicable","Not applicable","Percent","14.2435"
"Cape Verde","2011","Not applicable","Not applicable","Percent","15.44246"
"Cape Verde","2009","Not applicable","Not applicable","Percent","15.45551"
"Cape Verde","2008","Not applicable","Not applicable","Percent","12.7316"
"Cape Verde","2007","Not applicable","Not applicable","Percent","13.61652"
"Cape Verde","2006","Not applicable","Not applicable","Percent","18.81068"
"Cape Verde","2005","Not applicable","Not applicable","Percent","19.71108"
"Cape Verde","2002","Not applicable","Not applicable","Percent","17.64279"
"Central African Republic","2010","Not applicable","Not applicable","Percent","4.38215"
"Central African Republic","2009","Not applicable","Not applicable","Percent","4.4311"
"Central African Republic","2007","Not applicable","Not applicable","Percent","5.22479"
"Central African Republic","2006","Not applicable","Not applicable","Percent","7.08238"
"Chad","2011","Not applicable","Not applicable","Percent","5.75134"
"Chad","2010","Not applicable","Not applicable","Percent","6.9432"
"Chad","2009","Not applicable","Not applicable","Percent","9.31849"
"Chad","2005","Not applicable","Not applicable","Percent","6.15551"
"Chad","2004","Not applicable","Not applicable","Percent","5.51421"
"Chad","1998","Not applicable","Not applicable","Percent","9.31181"
"Chile","2013","Not applicable","Not applicable","Percent","15.92885"
"Chile","2012","Not applicable","Not applicable","Percent","17.03762"
"Chile","2011","Not applicable","Not applicable","Percent","15.16763"
"Chile","2010","Not applicable","Not applicable","Percent","14.7152"
"Chile","2009","Not applicable","Not applicable","Percent","16.27046"
"Chile","2008","Not applicable","Not applicable","Percent","14.02605"
"Chile","2007","Not applicable","Not applicable","Percent","11.3457"
"Chile","2006","Not applicable","Not applicable","Percent","10.56923"
"Chile","2005","Not applicable","Not applicable","Percent","11.45314"
"Chile","2004","Not applicable","Not applicable","Percent","12.13368"
"Chile","2003","Not applicable","Not applicable","Percent","14.30686"
"Chile","2002","Not applicable","Not applicable","Percent","15.20366"
"Chile","2000","Not applicable","Not applicable","Percent","13.69913"
"Chile","1998","Not applicable","Not applicable","Percent","12.09238"
"China","1998","Not applicable","Not applicable","Percent","5.92409"
"Colombia","2014","Not applicable","Not applicable","Percent","17.9104"
"Colombia","2013","Not applicable","Not applicable","Percent","17.32606"
"Colombia","2012","Not applicable","Not applicable","Percent","15.42317"
"Colombia","2011","Not applicable","Not applicable","Percent","15.16909"
"Colombia","2010","Not applicable","Not applicable","Percent","15.83455"
"Colombia","2009","Not applicable","Not applicable","Percent","15.75964"
"Colombia","2008","Not applicable","Not applicable","Percent","12.45925"
"Colombia","2007","Not applicable","Not applicable","Percent","12.49926"
"Colombia","2006","Not applicable","Not applicable","Percent","13.05167"
"Colombia","2005","Not applicable","Not applicable","Percent","15.4463"
"Colombia","2004","Not applicable","Not applicable","Percent","15.94129"
"Colombia","2002","Not applicable","Not applicable","Percent","13.51016"
"Colombia","2001","Not applicable","Not applicable","Percent","13.06542"
"Colombia","2000","Not applicable","Not applicable","Percent","11.95551"
"Colombia","1999","Not applicable","Not applicable","Percent","15.24253"
"Colombia","1998","Not applicable","Not applicable","Percent","13.24931"
"Comoros","2011","Not applicable","Not applicable","Percent","16.63338"
"Comoros","2008","Not applicable","Not applicable","Percent","27.8088"
"Comoros","2002","Not applicable","Not applicable","Percent","9.35617"
"Comoros","1998","Not applicable","Not applicable","Percent","9.18905"
"Congo","2010","Not applicable","Not applicable","Percent","11.24503"
"Congo","2005","Not applicable","Not applicable","Percent","2.96765"
"Congo","2002","Not applicable","Not applicable","Percent","7.09444"
"Costa Rica","2004","Not applicable","Not applicable","Percent","16.92943"
"Costa Rica","2002","Not applicable","Not applicable","Percent","16.13404"
"Costa Rica","2001","Not applicable","Not applicable","Percent","14.62216"
"Costa Rica","2000","Not applicable","Not applicable","Percent","14.56761"
"Costa Rica","1999","Not applicable","Not applicable","Percent","15.51693"
"Côte d'Ivoire","2014","Not applicable","Not applicable","Percent","12.08311"
"Côte d'Ivoire","2012","Not applicable","Not applicable","Percent","14.09437"
"Côte d'Ivoire","2001","Not applicable","Not applicable","Percent","12.42403"
"Côte d'Ivoire","2000","Not applicable","Not applicable","Percent","12.77807"
"Côte d'Ivoire","1999","Not applicable","Not applicable","Percent","14.11273"
"Côte d'Ivoire","1998","Not applicable","Not applicable","Percent","13.96621"
"Cuba","2010","Not applicable","Not applicable","Percent","49.31207"
"Cuba","2009","Not applicable","Not applicable","Percent","43.44697"
"Cuba","2008","Not applicable","Not applicable","Percent","46.43353"
"Cuba","2007","Not applicable","Not applicable","Percent","45.77522"
"Cuba","2006","Not applicable","Not applicable","Percent","33.71987"
"Cuba","2005","Not applicable","Not applicable","Percent","40.37672"
"Cuba","2004","Not applicable","Not applicable","Percent","40.56768"
"Cuba","2002","Not applicable","Not applicable","Percent","37.29421"
"Cuba","2001","Not applicable","Not applicable","Percent","28.90505"
"Cuba","2000","Not applicable","Not applicable","Percent","28.31769"
"Cuba","1999","Not applicable","Not applicable","Percent","25.06832"
"Cuba","1998","Not applicable","Not applicable","Percent","22.27969"
"Cyprus","2011","Not applicable","Not applicable","Percent","32.57038"
"Cyprus","2010","Not applicable","Not applicable","Percent","31.26322"
"Cyprus","2009","Not applicable","Not applicable","Percent","29.27932"
"Cyprus","2008","Not applicable","Not applicable","Percent","26.19738"
"Cyprus","2007","Not applicable","Not applicable","Percent","23.72016"
"Cyprus","2006","Not applicable","Not applicable","Percent","22.35319"
"Cyprus","2005","Not applicable","Not applicable","Percent","20.88375"
"Cyprus","2004","Not applicable","Not applicable","Percent","20.02456"
"Cyprus","2003","Not applicable","Not applicable","Percent","21.4496"
"Cyprus","2002","Not applicable","Not applicable","Percent","18.5459"
"Cyprus","2001","Not applicable","Not applicable","Percent","17.69119"
"Cyprus","2000","Not applicable","Not applicable","Percent","15.01276"
"Cyprus","1999","Not applicable","Not applicable","Percent","16.01454"
"Czech Republic","2012","Not applicable","Not applicable","Percent","15.74919"
"Czech Republic","2011","Not applicable","Not applicable","Percent","15.44995"
"Czech Republic","2010","Not applicable","Not applicable","Percent","14.89601"
"Czech Republic","2009","Not applicable","Not applicable","Percent","15.08621"
"Czech Republic","2008","Not applicable","Not applicable","Percent","12.46212"
"Czech Republic","2007","Not applicable","Not applicable","Percent","11.97508"
"Czech Republic","2006","Not applicable","Not applicable","Percent","12.39569"
"Czech Republic","2005","Not applicable","Not applicable","Percent","11.49706"
"Czech Republic","2004","Not applicable","Not applicable","Percent","11.65012"
"Czech Republic","2003","Not applicable","Not applicable","Percent","11.73165"
"Czech Republic","2002","Not applicable","Not applicable","Percent","10.81844"
"Czech Republic","2001","Not applicable","Not applicable","Percent","10.20573"
"Czech Republic","2000","Not applicable","Not applicable","Percent","10.58886"
"Czech Republic","1999","Not applicable","Not applicable","Percent","10.39877"
"Czech Republic","1998","Not applicable","Not applicable","Percent","9.67488"
"Democratic Republic of the Congo","2013","Not applicable","Not applicable","Percent","7.40789"
"Democratic Republic of the Congo","2010","Not applicable","Not applicable","Percent","3.14232"
"Denmark","2011","Not applicable","Not applicable","Percent","21.8441"
"Denmark","2010","Not applicable","Not applicable","Percent","28.07284"
"Denmark","2009","Not applicable","Not applicable","Percent","28.08105"
"Denmark","2008","Not applicable","Not applicable","Percent","24.15606"
"Denmark","2007","Not applicable","Not applicable","Percent","23.8176"
"Denmark","2006","Not applicable","Not applicable","Percent","23.94043"
"Denmark","2005","Not applicable","Not applicable","Percent","24.60461"
"Denmark","2004","Not applicable","Not applicable","Percent","24.22068"
"Denmark","2002","Not applicable","Not applicable","Percent","23.97886"
"Denmark","2001","Not applicable","Not applicable","Percent","24.80682"
"Denmark","2000","Not applicable","Not applicable","Percent","23.6179"
"Denmark","1999","Not applicable","Not applicable","Percent","24.05077"
"Denmark","1998","Not applicable","Not applicable","Percent","26.33722"
"Djibouti","2008","Not applicable","Not applicable","Percent","22.93428"
"Djibouti","2007","Not applicable","Not applicable","Percent","22.52813"
"Djibouti","2006","Not applicable","Not applicable","Percent","21.31894"
"Djibouti","1998","Not applicable","Not applicable","Percent","43.00154"
"Dominica","2012","Not applicable","Not applicable","Percent","13.39884"
"Dominica","2011","Not applicable","Not applicable","Percent","14.94983"
"Dominica","2010","Not applicable","Not applicable","Percent","14.79106"
"Dominica","2009","Not applicable","Not applicable","Percent","13.30492"
"Dominica","2008","Not applicable","Not applicable","Percent","17.13223"
"Dominica","2007","Not applicable","Not applicable","Percent","13.44082"
"Dominican Republic","2014","Not applicable","Not applicable","Percent","15.79862"
"Dominican Republic","2013","Not applicable","Not applicable","Percent","15.28707"
"Dominican Republic","2012","Not applicable","Not applicable","Percent","8.9866"
"Dominican Republic","2011","Not applicable","Not applicable","Percent","7.0772"
"Dominican Republic","2010","Not applicable","Not applicable","Percent","7.30482"
"Dominican Republic","2009","Not applicable","Not applicable","Percent","6.9728"
"Dominican Republic","2008","Not applicable","Not applicable","Percent","6.94519"
"Dominican Republic","2007","Not applicable","Not applicable","Percent","8.54048"
"Dominican Republic","2005","Not applicable","Not applicable","Percent","7.01869"
"Dominican Republic","2004","Not applicable","Not applicable","Percent","4.58821"
"Dominican Republic","2002","Not applicable","Not applicable","Percent","7.89702"
"Ecuador","2014","Not applicable","Not applicable","Percent","14.43946"
"Ecuador","2013","Not applicable","Not applicable","Percent","7.47333"
"Ecuador","2012","Not applicable","Not applicable","Percent","7.82805"
"Ecuador","2011","Not applicable","Not applicable","Percent","8.30216"
"Ecuador","2010","Not applicable","Not applicable","Percent","8.68149"
"Ecuador","2000","Not applicable","Not applicable","Percent","2.82494"
"Ecuador","1999","Not applicable","Not applicable","Percent","3.77574"
"El Salvador","2010","Not applicable","Not applicable","Percent","9.8443"
"El Salvador","2009","Not applicable","Not applicable","Percent","12.26187"
"El Salvador","2008","Not applicable","Not applicable","Percent","8.79941"
"El Salvador","2007","Not applicable","Not applicable","Percent","8.07162"
"El Salvador","2006","Not applicable","Not applicable","Percent","8.59116"
"El Salvador","2005","Not applicable","Not applicable","Percent","8.09431"
"El Salvador","2003","Not applicable","Not applicable","Percent","9.36178"
"El Salvador","2002","Not applicable","Not applicable","Percent","10.23046"
"El Salvador","2000","Not applicable","Not applicable","Percent","8.54524"
"El Salvador","1999","Not applicable","Not applicable","Percent","8.57906"
"El Salvador","1998","Not applicable","Not applicable","Percent","8.59863"
"Eritrea","2004","Not applicable","Not applicable","Percent","9.03706"
"Eritrea","2002","Not applicable","Not applicable","Percent","11.88332"
"Eritrea","2001","Not applicable","Not applicable","Percent","14.74572"
"Estonia","2012","Not applicable","Not applicable","Percent","23.06284"
"Estonia","2011","Not applicable","Not applicable","Percent","22.64505"
"Estonia","2010","Not applicable","Not applicable","Percent","24.80837"
"Estonia","2009","Not applicable","Not applicable","Percent","27.13931"
"Estonia","2008","Not applicable","Not applicable","Percent","25.23263"
"Estonia","2007","Not applicable","Not applicable","Percent","19.19807"
"Estonia","2005","Not applicable","Not applicable","Percent","19.41384"
"Estonia","2004","Not applicable","Not applicable","Percent","18.71968"
"Estonia","2003","Not applicable","Not applicable","Percent","19.07917"
"Estonia","2002","Not applicable","Not applicable","Percent","19.48965"
"Estonia","2001","Not applicable","Not applicable","Percent","18.26701"
"Estonia","1999","Not applicable","Not applicable","Percent","20.91542"
"Estonia","1998","Not applicable","Not applicable","Percent","17.23792"
"Ethiopia","2010","Not applicable","Not applicable","Percent","7.94429"
"Ethiopia","2009","Not applicable","Not applicable","Percent","9.14125"
"Fiji","2013","Not applicable","Not applicable","Percent","13.66639"
"Fiji","2011","Not applicable","Not applicable","Percent","16.42361"
"Fiji","2004","Not applicable","Not applicable","Percent","17.39477"
"Finland","2012","Not applicable","Not applicable","Percent","20.63138"
"Finland","2011","Not applicable","Not applicable","Percent","20.22268"
"Finland","2010","Not applicable","Not applicable","Percent","20.12141"
"Finland","2009","Not applicable","Not applicable","Percent","19.51865"
"Finland","2008","Not applicable","Not applicable","Percent","17.70355"
"Finland","2007","Not applicable","Not applicable","Percent","16.79146"
"Finland","2006","Not applicable","Not applicable","Percent","17.3281"
"Finland","2005","Not applicable","Not applicable","Percent","17.21847"
"Finland","2004","Not applicable","Not applicable","Percent","17.78093"
"Finland","2003","Not applicable","Not applicable","Percent","17.70462"
"Finland","2002","Not applicable","Not applicable","Percent","17.20851"
"Finland","2001","Not applicable","Not applicable","Percent","16.73011"
"Finland","2000","Not applicable","Not applicable","Percent","16.3202"
"Finland","1999","Not applicable","Not applicable","Percent","16.81586"
"France","2012","Not applicable","Not applicable","Percent","18.47158"
"France","2011","Not applicable","Not applicable","Percent","17.90176"
"France","2010","Not applicable","Not applicable","Percent","18.12466"
"France","2009","Not applicable","Not applicable","Percent","17.9655"
"France","2008","Not applicable","Not applicable","Percent","17.49656"
"France","2007","Not applicable","Not applicable","Percent","17.79342"
"France","2006","Not applicable","Not applicable","Percent","17.16975"
"France","2005","Not applicable","Not applicable","Percent","17.48539"
"France","2004","Not applicable","Not applicable","Percent","17.88182"
"France","2003","Not applicable","Not applicable","Percent","17.67069"
"France","2002","Not applicable","Not applicable","Percent","17.69489"
"France","2001","Not applicable","Not applicable","Percent","17.43709"
"France","2000","Not applicable","Not applicable","Percent","17.44729"
"France","1999","Not applicable","Not applicable","Percent","17.40046"
"Gambia","2013","Not applicable","Not applicable","Percent","10.50581"
"Gambia","2012","Not applicable","Not applicable","Percent","17.99993"
"Gambia","2011","Not applicable","Not applicable","Percent","18.89311"
"Gambia","2010","Not applicable","Not applicable","Percent","19.92479"
"Gambia","2008","Not applicable","Not applicable","Percent","15.40269"
"Gambia","2007","Not applicable","Not applicable","Percent","5.7338"
"Gambia","2006","Not applicable","Not applicable","Percent","5.48142"
"Gambia","2005","Not applicable","Not applicable","Percent","4.8969"
"Gambia","2004","Not applicable","Not applicable","Percent","4.30202"
"Gambia","2003","Not applicable","Not applicable","Percent","5.09723"
"Gambia","2002","Not applicable","Not applicable","Percent","5.83765"
"Gambia","2001","Not applicable","Not applicable","Percent","4.66547"
"Georgia","2012","Not applicable","Not applicable","Percent","10.6474"
"Georgia","2011","Not applicable","Not applicable","Percent","13.22727"
"Georgia","2008","Not applicable","Not applicable","Percent","14.8026"
"Germany","2012","Not applicable","Not applicable","Percent","17.36006"
"Germany","2011","Not applicable","Not applicable","Percent","17.4039"
"Germany","2010","Not applicable","Not applicable","Percent","17.68815"
"Germany","2009","Not applicable","Not applicable","Percent","17.21403"
"Germany","2008","Not applicable","Not applicable","Percent","15.12277"
"Germany","2007","Not applicable","Not applicable","Percent","15.15019"
"Germany","2006","Not applicable","Not applicable","Percent","15.62463"
"Germany","1998","Not applicable","Not applicable","Percent","16.51449"
"Ghana","2013","Not applicable","Not applicable","Percent","9.38731"
"Ghana","2012","Not applicable","Not applicable","Percent","16.81044"
"Ghana","2011","Not applicable","Not applicable","Percent","23.8099"
"Ghana","2009","Not applicable","Not applicable","Percent","11.40785"
"Ghana","2008","Not applicable","Not applicable","Percent","12.69094"
"Ghana","2007","Not applicable","Not applicable","Percent","12.63911"
"Ghana","2006","Not applicable","Not applicable","Percent","13.60616"
"Ghana","2005","Not applicable","Not applicable","Percent","21.3749"
"Ghana","2004","Not applicable","Not applicable","Percent","23.26904"
"Ghana","2001","Not applicable","Not applicable","Percent","17.31572"
"Grenada","2003","Not applicable","Not applicable","Percent","8.78838"
"Guatemala","2013","Not applicable","Not applicable","Percent","9.27319"
"Guatemala","2012","Not applicable","Not applicable","Percent","9.6946"
"Guatemala","2011","Not applicable","Not applicable","Percent","9.16205"
"Guatemala","2010","Not applicable","Not applicable","Percent","8.41643"
"Guatemala","2008","Not applicable","Not applicable","Percent","10.3923"
"Guatemala","2007","Not applicable","Not applicable","Percent","10.24496"
"Guatemala","2006","Not applicable","Not applicable","Percent","10.82737"
"Guatemala","2005","Not applicable","Not applicable","Percent","5.75719"
"Guatemala","2004","Not applicable","Not applicable","Percent","5.38407"
"Guatemala","2002","Not applicable","Not applicable","Percent","7.36435"
"Guatemala","2001","Not applicable","Not applicable","Percent","8.36128"
"Guatemala","2000","Not applicable","Not applicable","Percent","6.64019"
"Guinea","2013","Not applicable","Not applicable","Percent","10.01868"
"Guinea","2012","Not applicable","Not applicable","Percent","7.70627"
"Guinea","2011","Not applicable","Not applicable","Percent","7.81746"
"Guinea","2010","Not applicable","Not applicable","Percent","10.74842"
"Guinea","2009","Not applicable","Not applicable","Percent","10.22222"
"Guinea","2008","Not applicable","Not applicable","Percent","7.52017"
"Guinea-Bissau","2010","Not applicable","Not applicable","Percent","4.95503"
"Guyana","2012","Not applicable","Not applicable","Percent","8.21523"
"Guyana","2011","Not applicable","Not applicable","Percent","8.20861"
"Guyana","2010","Not applicable","Not applicable","Percent","8.42744"
"Guyana","2009","Not applicable","Not applicable","Percent","8.52658"
"Guyana","2007","Not applicable","Not applicable","Percent","8.98174"
"Guyana","2006","Not applicable","Not applicable","Percent","10.15324"
"Guyana","2003","Not applicable","Not applicable","Percent","18.33693"
"Holy See","2014","Not applicable","Not applicable","Percent","0"
"Holy See","2013","Not applicable","Not applicable","Percent","0"
"Holy See","2012","Not applicable","Not applicable","Percent","0"
"Holy See","2011","Not applicable","Not applicable","Percent","0"
"Holy See","2010","Not applicable","Not applicable","Percent","0"
"Holy See","2009","Not applicable","Not applicable","Percent","0"
"Holy See","2008","Not applicable","Not applicable","Percent","0"
"Holy See","2007","Not applicable","Not applicable","Percent","0"
"Holy See","2006","Not applicable","Not applicable","Percent","0"
"Holy See","2005","Not applicable","Not applicable","Percent","0"
"Holy See","2004","Not applicable","Not applicable","Percent","0"
"Holy See","2003","Not applicable","Not applicable","Percent","0"
"Holy See","2002","Not applicable","Not applicable","Percent","0"
"Holy See","2001","Not applicable","Not applicable","Percent","0"
"Holy See","2000","Not applicable","Not applicable","Percent","0"
"Holy See","1999","Not applicable","Not applicable","Percent","0"
"Holy See","1998","Not applicable","Not applicable","Percent","0"
"Holy See","1997","Not applicable","Not applicable","Percent","0"
"Holy See","1996","Not applicable","Not applicable","Percent","0"
"Holy See","1995","Not applicable","Not applicable","Percent","0"
"Holy See","1994","Not applicable","Not applicable","Percent","0"
"Holy See","1993","Not applicable","Not applicable","Percent","0"
"Holy See","1992","Not applicable","Not applicable","Percent","0"
"Holy See","1991","Not applicable","Not applicable","Percent","0"
"Holy See","1990","Not applicable","Not applicable","Percent","0"
"Holy See","1989","Not applicable","Not applicable","Percent","0"
"Holy See","1988","Not applicable","Not applicable","Percent","0"
"Holy See","1987","Not applicable","Not applicable","Percent","0"
"Holy See","1986","Not applicable","Not applicable","Percent","0"
"Holy See","1985","Not applicable","Not applicable","Percent","0"
"Holy See","1984","Not applicable","Not applicable","Percent","0"
"Holy See","1983","Not applicable","Not applicable","Percent","0"
"Holy See","1982","Not applicable","Not applicable","Percent","0"
"Holy See","1981","Not applicable","Not applicable","Percent","0"
"Holy See","1980","Not applicable","Not applicable","Percent","0"
"Holy See","1979","Not applicable","Not applicable","Percent","0"
"Holy See","1978","Not applicable","Not applicable","Percent","0"
"Holy See","1977","Not applicable","Not applicable","Percent","0"
"Holy See","1976","Not applicable","Not applicable","Percent","0"
"Holy See","1975","Not applicable","Not applicable","Percent","0"
"Honduras","2013","Not applicable","Not applicable","Percent","19.73123"
"Honduras","2010","Not applicable","Not applicable","Percent","18.26212"
"Hong Kong Special Administrative Region of China","2014","Not applicable","Not applicable","Percent","14.93189"
"Hong Kong Special Administrative Region of China","2013","Not applicable","Not applicable","Percent","14.72014"
"Hong Kong Special Administrative Region of China","2012","Not applicable","Not applicable","Percent","14.18967"
"Hong Kong Special Administrative Region of China","2011","Not applicable","Not applicable","Percent","14.72283"
"Hong Kong Special Administrative Region of China","2010","Not applicable","Not applicable","Percent","14.69727"
"Hong Kong Special Administrative Region of China","2009","Not applicable","Not applicable","Percent","13.48292"
"Hong Kong Special Administrative Region of China","2008","Not applicable","Not applicable","Percent","12.37473"
"Hong Kong Special Administrative Region of China","2007","Not applicable","Not applicable","Percent","12.27177"
"Hong Kong Special Administrative Region of China","2006","Not applicable","Not applicable","Percent","13.52402"
"Hong Kong Special Administrative Region of China","2005","Not applicable","Not applicable","Percent","14.36459"
"Hong Kong Special Administrative Region of China","2004","Not applicable","Not applicable","Percent","14.90731"
"Hong Kong Special Administrative Region of China","2003","Not applicable","Not applicable","Percent","13.86127"
"Hong Kong Special Administrative Region of China","2002","Not applicable","Not applicable","Percent","12.62231"
"Hong Kong Special Administrative Region of China","2001","Not applicable","Not applicable","Percent","12.18348"
"Hungary","2012","Not applicable","Not applicable","Percent","18.90532"
"Hungary","2011","Not applicable","Not applicable","Percent","19.33122"
"Hungary","2010","Not applicable","Not applicable","Percent","22.15795"
"Hungary","2009","Not applicable","Not applicable","Percent","21.76997"
"Hungary","2008","Not applicable","Not applicable","Percent","21.61226"
"Hungary","2007","Not applicable","Not applicable","Percent","24.93504"
"Hungary","2006","Not applicable","Not applicable","Percent","25.29815"
"Hungary","2005","Not applicable","Not applicable","Percent","25.33439"
"Hungary","2004","Not applicable","Not applicable","Percent","23.09381"
"Hungary","2003","Not applicable","Not applicable","Percent","21.51897"
"Hungary","2002","Not applicable","Not applicable","Percent","20.0074"
"Hungary","2001","Not applicable","Not applicable","Percent","19.64208"
"Hungary","2000","Not applicable","Not applicable","Percent","18.97965"
"Hungary","1999","Not applicable","Not applicable","Percent","17.62429"
"Hungary","1998","Not applicable","Not applicable","Percent","17.75601"
"Iceland","2011","Not applicable","Not applicable","Percent","25.67951"
"Iceland","2010","Not applicable","Not applicable","Percent","25.07641"
"Iceland","2009","Not applicable","Not applicable","Percent","25.65205"
"Iceland","2008","Not applicable","Not applicable","Percent","25.59191"
"Iceland","2007","Not applicable","Not applicable","Percent","24.89424"
"Iceland","2006","Not applicable","Not applicable","Percent","25.42088"
"Iceland","2005","Not applicable","Not applicable","Percent","24.85569"
"Iceland","2004","Not applicable","Not applicable","Percent","23.60989"
"Iceland","2003","Not applicable","Not applicable","Percent","23.4572"
"Iceland","2002","Not applicable","Not applicable","Percent","24.50451"
"Iceland","2001","Not applicable","Not applicable","Percent","20.96573"
"Iceland","2000","Not applicable","Not applicable","Percent","21.58381"
"Iceland","1999","Not applicable","Not applicable","Percent","21.45114"
"India","2012","Not applicable","Not applicable","Percent","9.0891"
"India","2011","Not applicable","Not applicable","Percent","8.65108"
"India","2010","Not applicable","Not applicable","Percent","7.19477"
"India","2009","Not applicable","Not applicable","Percent","7.27265"
"India","2003","Not applicable","Not applicable","Percent","10.98533"
"India","2001","Not applicable","Not applicable","Percent","13.3116"
"India","2000","Not applicable","Not applicable","Percent","14.40171"
"India","1999","Not applicable","Not applicable","Percent","11.83843"
"Indonesia","2013","Not applicable","Not applicable","Percent","11.86247"
"Indonesia","2012","Not applicable","Not applicable","Percent","11.41123"
"Indonesia","2011","Not applicable","Not applicable","Percent","10.84187"
"Indonesia","2010","Not applicable","Not applicable","Percent","9.9147"
"Indonesia","2009","Not applicable","Not applicable","Percent","13.42389"
"Indonesia","2008","Not applicable","Not applicable","Percent","11.3014"
"Indonesia","2007","Not applicable","Not applicable","Percent","11.41725"
"Iran, Islamic Republic of","2014","Not applicable","Not applicable","Percent","8.52818"
"Iran, Islamic Republic of","2013","Not applicable","Not applicable","Percent","8.45427"
"Iran, Islamic Republic of","2012","Not applicable","Not applicable","Percent","11.04064"
"Iran, Islamic Republic of","2011","Not applicable","Not applicable","Percent","14.45335"
"Iran, Islamic Republic of","2010","Not applicable","Not applicable","Percent","13.73117"
"Iran, Islamic Republic of","2009","Not applicable","Not applicable","Percent","14.42713"
"Iran, Islamic Republic of","2008","Not applicable","Not applicable","Percent","15.56244"
"Iran, Islamic Republic of","2007","Not applicable","Not applicable","Percent","17.62767"
"Iran, Islamic Republic of","2006","Not applicable","Not applicable","Percent","16.77745"
"Iran, Islamic Republic of","2005","Not applicable","Not applicable","Percent","11.8403"
"Iran, Islamic Republic of","2004","Not applicable","Not applicable","Percent","11.66812"
"Iran, Islamic Republic of","2003","Not applicable","Not applicable","Percent","11.24053"
"Iran, Islamic Republic of","2002","Not applicable","Not applicable","Percent","11.38172"
"Iran, Islamic Republic of","2001","Not applicable","Not applicable","Percent","9.39779"
"Ireland","2012","Not applicable","Not applicable","Percent","19.08734"
"Ireland","2011","Not applicable","Not applicable","Percent","18.7007"
"Ireland","2010","Not applicable","Not applicable","Percent","19.54493"
"Ireland","2009","Not applicable","Not applicable","Percent","20.17946"
"Ireland","2008","Not applicable","Not applicable","Percent","18.13639"
"Ireland","2007","Not applicable","Not applicable","Percent","15.30976"
"Ireland","2006","Not applicable","Not applicable","Percent","14.35025"
"Ireland","2005","Not applicable","Not applicable","Percent","14.02486"
"Ireland","2004","Not applicable","Not applicable","Percent","13.64595"
"Ireland","2003","Not applicable","Not applicable","Percent","12.89713"
"Ireland","2002","Not applicable","Not applicable","Percent","11.84203"
"Ireland","2001","Not applicable","Not applicable","Percent","11.46212"
"Ireland","2000","Not applicable","Not applicable","Percent","10.85487"
"Ireland","1999","Not applicable","Not applicable","Percent","10.78172"
"Ireland","1998","Not applicable","Not applicable","Percent","11.23651"
"Israel","2011","Not applicable","Not applicable","Percent","22.69348"
"Israel","2010","Not applicable","Not applicable","Percent","21.6194"
"Israel","2009","Not applicable","Not applicable","Percent","20.05987"
"Israel","2008","Not applicable","Not applicable","Percent","20.11081"
"Israel","2007","Not applicable","Not applicable","Percent","20.01367"
"Israel","2006","Not applicable","Not applicable","Percent","20.82167"
"Israel","2005","Not applicable","Not applicable","Percent","20.9262"
"Israel","2004","Not applicable","Not applicable","Percent","21.12832"
"Israel","2003","Not applicable","Not applicable","Percent","21.9739"
"Israel","2002","Not applicable","Not applicable","Percent","22.67327"
"Israel","2001","Not applicable","Not applicable","Percent","22.03258"
"Israel","2000","Not applicable","Not applicable","Percent","20.28154"
"Israel","1999","Not applicable","Not applicable","Percent","21.29832"
"Italy","2012","Not applicable","Not applicable","Percent","20.66145"
"Italy","2011","Not applicable","Not applicable","Percent","21.50026"
"Italy","2010","Not applicable","Not applicable","Percent","22.81787"
"Italy","2009","Not applicable","Not applicable","Percent","23.93076"
"Italy","2008","Not applicable","Not applicable","Percent","23.08066"
"Italy","2007","Not applicable","Not applicable","Percent","21.39781"
"Italy","2006","Not applicable","Not applicable","Percent","23.68157"
"Italy","2005","Not applicable","Not applicable","Percent","21.83874"
"Italy","2004","Not applicable","Not applicable","Percent","23.62787"
"Italy","2003","Not applicable","Not applicable","Percent","24.08902"
"Italy","2002","Not applicable","Not applicable","Percent","23.47265"
"Italy","2001","Not applicable","Not applicable","Percent","22.78178"
"Italy","2000","Not applicable","Not applicable","Percent","22.27332"
"Italy","1999","Not applicable","Not applicable","Percent","23.10399"
"Italy","1998","Not applicable","Not applicable","Percent","22.19648"
"Jamaica","2014","Not applicable","Not applicable","Percent","22.22289"
"Jamaica","2013","Not applicable","Not applicable","Percent","22.49836"
"Jamaica","2012","Not applicable","Not applicable","Percent","21.68875"
"Jamaica","2011","Not applicable","Not applicable","Percent","20.63229"
"Jamaica","2010","Not applicable","Not applicable","Percent","21.07242"
"Jamaica","2009","Not applicable","Not applicable","Percent","17.61464"
"Jamaica","2008","Not applicable","Not applicable","Percent","15.81638"
"Jamaica","2007","Not applicable","Not applicable","Percent","17.33665"
"Jamaica","2005","Not applicable","Not applicable","Percent","12.7532"
"Jamaica","2004","Not applicable","Not applicable","Percent","10.11614"
"Jamaica","2003","Not applicable","Not applicable","Percent","12.46754"
"Japan","2013","Not applicable","Not applicable","Percent","23.91826"
"Japan","2012","Not applicable","Not applicable","Percent","23.79371"
"Japan","2011","Not applicable","Not applicable","Percent","23.48148"
"Japan","2010","Not applicable","Not applicable","Percent","23.81039"
"Japan","2008","Not applicable","Not applicable","Percent","21.62703"
"Japan","2007","Not applicable","Not applicable","Percent","21.74553"
"Japan","2006","Not applicable","Not applicable","Percent","21.84682"
"Japan","2005","Not applicable","Not applicable","Percent","21.97623"
"Japan","2004","Not applicable","Not applicable","Percent","22.33826"
"Japan","2003","Not applicable","Not applicable","Percent","22.58453"
"Japan","2002","Not applicable","Not applicable","Percent","22.13843"
"Japan","2001","Not applicable","Not applicable","Percent","21.56811"
"Japan","2000","Not applicable","Not applicable","Percent","21.32105"
"Japan","1999","Not applicable","Not applicable","Percent","20.77577"
"Japan","1998","Not applicable","Not applicable","Percent","19.82051"
"Jordan","2011","Not applicable","Not applicable","Percent","12.24048"
"Jordan","2008","Not applicable","Not applicable","Percent","12.32949"
"Jordan","2007","Not applicable","Not applicable","Percent","12.56809"
"Jordan","2006","Not applicable","Not applicable","Percent","12.84265"
"Jordan","2005","Not applicable","Not applicable","Percent","15.43666"
"Jordan","2004","Not applicable","Not applicable","Percent","14.54817"
"Jordan","2003","Not applicable","Not applicable","Percent","15.77471"
"Jordan","2002","Not applicable","Not applicable","Percent","14.37036"
"Jordan","1999","Not applicable","Not applicable","Percent","13.65542"
"Jordan","1998","Not applicable","Not applicable","Percent","13.31063"
"Kazakhstan","2014","Not applicable","Not applicable","Percent","0.38137"
"Kazakhstan","2013","Not applicable","Not applicable","Percent","0.31296"
"Kenya","2006","Not applicable","Not applicable","Percent","22.37319"
"Kenya","2004","Not applicable","Not applicable","Percent","24.15592"
"Kenya","2003","Not applicable","Not applicable","Percent","23.21593"
"Kenya","2001","Not applicable","Not applicable","Percent","20.90685"
"Kenya","2000","Not applicable","Not applicable","Percent","21.37795"
"Kiribati","2001","Not applicable","Not applicable","Percent","22.10054"
"Kiribati","2000","Not applicable","Not applicable","Percent","24.70337"
"Kiribati","1999","Not applicable","Not applicable","Percent","25.98797"
"Kuwait","2011","Not applicable","Not applicable","Percent","17.42637"
"Kuwait","2008","Not applicable","Not applicable","Percent","10.44149"
"Kuwait","2006","Not applicable","Not applicable","Percent","8.6651"
"Kuwait","2005","Not applicable","Not applicable","Percent","10.17586"
"Kuwait","2004","Not applicable","Not applicable","Percent","13.92749"
"Kuwait","2003","Not applicable","Not applicable","Percent","16.1747"
"Kuwait","2002","Not applicable","Not applicable","Percent","16.3827"
"Kuwait","2001","Not applicable","Not applicable","Percent","16.67054"
"Lao People's Democratic Republic","2005","Not applicable","Not applicable","Percent","9.81286"
"Lao People's Democratic Republic","2002","Not applicable","Not applicable","Percent","8.27247"
"Latvia","2012","Not applicable","Not applicable","Percent","16.20134"
"Latvia","2011","Not applicable","Not applicable","Percent","17.46148"
"Latvia","2010","Not applicable","Not applicable","Percent","18.68878"
"Latvia","2009","Not applicable","Not applicable","Percent","20.71264"
"Latvia","2008","Not applicable","Not applicable","Percent","18.79546"
"Latvia","2007","Not applicable","Not applicable","Percent","14.70985"
"Latvia","2006","Not applicable","Not applicable","Percent","23.45219"
"Latvia","2004","Not applicable","Not applicable","Percent","12.80708"
"Latvia","2003","Not applicable","Not applicable","Percent","12.33945"
"Latvia","2002","Not applicable","Not applicable","Percent","12.4061"
"Latvia","2001","Not applicable","Not applicable","Percent","10.97146"
"Latvia","2000","Not applicable","Not applicable","Percent","10.95806"
"Latvia","1999","Not applicable","Not applicable","Percent","11.92719"
"Latvia","1998","Not applicable","Not applicable","Percent","11.89715"
"Lesotho","2008","Not applicable","Not applicable","Percent","22.79359"
"Lesotho","2006","Not applicable","Not applicable","Percent","25.35867"
"Lesotho","2005","Not applicable","Not applicable","Percent","28.50269"
"Lesotho","2001","Not applicable","Not applicable","Percent","25.91588"
"Lesotho","2000","Not applicable","Not applicable","Percent","28.17484"
"Lesotho","1999","Not applicable","Not applicable","Percent","34.65706"
"Liechtenstein","2011","Not applicable","Not applicable","Percent","17.83529"
"Liechtenstein","2010","Not applicable","Not applicable","Percent","20.98889"
"Liechtenstein","2008","Not applicable","Not applicable","Percent","10.49201"
"Liechtenstein","2007","Not applicable","Not applicable","Percent","9.24041"
"Liechtenstein","2006","Not applicable","Not applicable","Percent","9.93524"
"Liechtenstein","2004","Not applicable","Not applicable","Percent","10.72728"
"Liechtenstein","2003","Not applicable","Not applicable","Percent","11.08297"
"Lithuania","2011","Not applicable","Not applicable","Percent","70.64836"
"Lithuania","2010","Not applicable","Not applicable","Percent","77.41897"
"Lithuania","2009","Not applicable","Not applicable","Percent","61.00482"
"Lithuania","2008","Not applicable","Not applicable","Percent","58.67046"
"Lithuania","2007","Not applicable","Not applicable","Percent","51.43661"
"Lithuania","2006","Not applicable","Not applicable","Percent","54.4347"
"Lithuania","2005","Not applicable","Not applicable","Percent","52.74655"
"Lithuania","2004","Not applicable","Not applicable","Percent","50.68739"
"Luxembourg","2011","Not applicable","Not applicable","Percent","24.99229"
"Luxembourg","2010","Not applicable","Not applicable","Percent","24.75712"
"Luxembourg","2008","Not applicable","Not applicable","Percent","15.54926"
"Macao Special Administrative Region of China","2003","Not applicable","Not applicable","Percent","7.71182"
"Macao Special Administrative Region of China","2002","Not applicable","Not applicable","Percent","6.59685"
"Macao Special Administrative Region of China","2000","Not applicable","Not applicable","Percent","8.34131"
"Madagascar","2012","Not applicable","Not applicable","Percent","6.55103"
"Madagascar","2011","Not applicable","Not applicable","Percent","6.59146"
"Madagascar","2009","Not applicable","Not applicable","Percent","7.87443"
"Madagascar","2008","Not applicable","Not applicable","Percent","7.72801"
"Madagascar","2007","Not applicable","Not applicable","Percent","9.30506"
"Madagascar","2006","Not applicable","Not applicable","Percent","9.79933"
"Madagascar","2005","Not applicable","Not applicable","Percent","11.21119"
"Madagascar","1998","Not applicable","Not applicable","Percent","5.89528"
"Malawi","2014","Not applicable","Not applicable","Percent","13.59245"
"Malawi","2013","Not applicable","Not applicable","Percent","11.38614"
"Malawi","2011","Not applicable","Not applicable","Percent","7.81163"
"Malawi","2010","Not applicable","Not applicable","Percent","6.45762"
"Malawi","2001","Not applicable","Not applicable","Percent","8.1125"
"Malawi","2000","Not applicable","Not applicable","Percent","11.3268"
"Malawi","1999","Not applicable","Not applicable","Percent","13.50929"
"Malaysia","2013","Not applicable","Not applicable","Percent","17.45373"
"Malaysia","2011","Not applicable","Not applicable","Percent","15.43047"
"Malaysia","2010","Not applicable","Not applicable","Percent","12.78809"
"Malaysia","2009","Not applicable","Not applicable","Percent","14.22775"
"Malaysia","2008","Not applicable","Not applicable","Percent","13.08947"
"Malaysia","2007","Not applicable","Not applicable","Percent","10.85495"
"Malaysia","2006","Not applicable","Not applicable","Percent","10.17037"
"Malaysia","2004","Not applicable","Not applicable","Percent","14.06436"
"Malaysia","2003","Not applicable","Not applicable","Percent","17.88944"
"Malaysia","2002","Not applicable","Not applicable","Percent","19.37733"
"Malaysia","2001","Not applicable","Not applicable","Percent","16.41224"
"Malaysia","2000","Not applicable","Not applicable","Percent","12.55696"
"Maldives","2008","Not applicable","Not applicable","Percent","16.09451"
"Maldives","2006","Not applicable","Not applicable","Percent","13.81076"
"Maldives","2005","Not applicable","Not applicable","Percent","14.50637"
"Maldives","2004","Not applicable","Not applicable","Percent","11.89835"
"Maldives","2003","Not applicable","Not applicable","Percent","12.6301"
"Mali","2014","Not applicable","Not applicable","Percent","13.53015"
"Mali","2013","Not applicable","Not applicable","Percent","11.4219"
"Mali","2012","Not applicable","Not applicable","Percent","11.27204"
"Mali","2011","Not applicable","Not applicable","Percent","11.99989"
"Mali","2010","Not applicable","Not applicable","Percent","6.63828"
"Mali","2009","Not applicable","Not applicable","Percent","13.62216"
"Mali","2008","Not applicable","Not applicable","Percent","10.73484"
"Mali","1999","Not applicable","Not applicable","Percent","13.89282"
"Mali","1998","Not applicable","Not applicable","Percent","14.9955"
"Malta","2012","Not applicable","Not applicable","Percent","27.34301"
"Malta","2011","Not applicable","Not applicable","Percent","20.36213"
"Malta","2010","Not applicable","Not applicable","Percent","24.82125"
"Malta","2009","Not applicable","Not applicable","Percent","20.00539"
"Malta","2008","Not applicable","Not applicable","Percent","20.6636"
"Malta","2007","Not applicable","Not applicable","Percent","20.11274"
"Malta","2004","Not applicable","Not applicable","Percent","13.05996"
"Malta","2002","Not applicable","Not applicable","Percent","13.05718"
"Malta","1998","Not applicable","Not applicable","Percent","11.12098"
"Marshall Islands","2002","Not applicable","Not applicable","Percent","23.48189"
"Mauritania","2013","Not applicable","Not applicable","Percent","9.67626"
"Mauritania","2012","Not applicable","Not applicable","Percent","9.7137"
"Mauritania","2011","Not applicable","Not applicable","Percent","9.58416"
"Mauritania","2010","Not applicable","Not applicable","Percent","11.64027"
"Mauritania","2008","Not applicable","Not applicable","Percent","10.94436"
"Mauritania","2005","Not applicable","Not applicable","Percent","8.70683"
"Mauritania","1999","Not applicable","Not applicable","Percent","10.06105"
"Mauritius","2014","Not applicable","Not applicable","Percent","13.53424"
"Mauritius","2013","Not applicable","Not applicable","Percent","11.65332"
"Mauritius","2012","Not applicable","Not applicable","Percent","10.17625"
"Mauritius","2011","Not applicable","Not applicable","Percent","9.97514"
"Mauritius","2010","Not applicable","Not applicable","Percent","10.49518"
"Mauritius","2009","Not applicable","Not applicable","Percent","8.81403"
"Mauritius","2008","Not applicable","Not applicable","Percent","9.47486"
"Mauritius","2006","Not applicable","Not applicable","Percent","10.13933"
"Mauritius","2005","Not applicable","Not applicable","Percent","11.27861"
"Mauritius","2004","Not applicable","Not applicable","Percent","12.86991"
"Mauritius","2003","Not applicable","Not applicable","Percent","13.08785"
"Mauritius","2002","Not applicable","Not applicable","Percent","8.58437"
"Mauritius","2001","Not applicable","Not applicable","Percent","9.30786"
"Mexico","2011","Not applicable","Not applicable","Percent","14.60201"
"Mexico","2010","Not applicable","Not applicable","Percent","14.77504"
"Mexico","2009","Not applicable","Not applicable","Percent","14.80303"
"Mexico","2008","Not applicable","Not applicable","Percent","14.13852"
"Mexico","2007","Not applicable","Not applicable","Percent","14.04366"
"Mexico","2006","Not applicable","Not applicable","Percent","14.13925"
"Mexico","2005","Not applicable","Not applicable","Percent","14.44772"
"Mexico","2004","Not applicable","Not applicable","Percent","14.20954"
"Mexico","2003","Not applicable","Not applicable","Percent","14.81889"
"Mexico","2002","Not applicable","Not applicable","Percent","13.06169"
"Mexico","2001","Not applicable","Not applicable","Percent","12.4787"
"Mexico","2000","Not applicable","Not applicable","Percent","11.73518"
"Mexico","1999","Not applicable","Not applicable","Percent","10.28669"
"Mexico","1998","Not applicable","Not applicable","Percent","8.58724"
"Moldova","2014","Not applicable","Not applicable","Percent","43.74291"
"Moldova","2012","Not applicable","Not applicable","Percent","39.31168"
"Moldova","2011","Not applicable","Not applicable","Percent","41.52571"
"Moldova","2010","Not applicable","Not applicable","Percent","41.41951"
"Moldova","2009","Not applicable","Not applicable","Percent","41.71911"
"Moldova","2008","Not applicable","Not applicable","Percent","33.63929"
"Moldova","2007","Not applicable","Not applicable","Percent","31.61991"
"Monaco","2011","Not applicable","Not applicable","Percent","4.0047"
"Monaco","2010","Not applicable","Not applicable","Percent","4.07631"
"Monaco","2009","Not applicable","Not applicable","Percent","3.95371"
"Monaco","2004","Not applicable","Not applicable","Percent","3.4866"
"Monaco","2000","Not applicable","Not applicable","Percent","3.15949"
"Monaco","1999","Not applicable","Not applicable","Percent","3.23924"
"Monaco","1998","Not applicable","Not applicable","Percent","3.28124"
"Mongolia","2011","Not applicable","Not applicable","Percent","15.64365"
"Mongolia","2010","Not applicable","Not applicable","Percent","12.37069"
"Mongolia","2009","Not applicable","Not applicable","Percent","14.90143"
"Mongolia","2007","Not applicable","Not applicable","Percent","13.58936"
"Mongolia","2004","Not applicable","Not applicable","Percent","11.48283"
"Morocco","2013","Not applicable","Not applicable","Percent","19.68237"
"Morocco","2012","Not applicable","Not applicable","Percent","18.99749"
"Morocco","2011","Not applicable","Not applicable","Percent","18.04977"
"Morocco","2010","Not applicable","Not applicable","Percent","17.99167"
"Morocco","2009","Not applicable","Not applicable","Percent","16.73349"
"Morocco","2008","Not applicable","Not applicable","Percent","16.01372"
"Morocco","2007","Not applicable","Not applicable","Percent","14.36475"
"Morocco","2006","Not applicable","Not applicable","Percent","17.19626"
"Morocco","2005","Not applicable","Not applicable","Percent","20.16053"
"Morocco","2004","Not applicable","Not applicable","Percent","16.56615"
"Morocco","2003","Not applicable","Not applicable","Percent","16.4873"
"Morocco","2002","Not applicable","Not applicable","Percent","16.98315"
"Morocco","2001","Not applicable","Not applicable","Percent","16.79158"
"Morocco","2000","Not applicable","Not applicable","Percent","18.05656"
"Morocco","1999","Not applicable","Not applicable","Percent","17.36086"
"Morocco","1998","Not applicable","Not applicable","Percent","18.81083"
"Mozambique","2013","Not applicable","Not applicable","Percent","15.45952"
"Mozambique","2012","Not applicable","Not applicable","Percent","15.16645"
"Mozambique","2006","Not applicable","Not applicable","Percent","14.95993"
"Namibia","2010","Not applicable","Not applicable","Percent","17.60071"
"Namibia","2008","Not applicable","Not applicable","Percent","15.6823"
"Namibia","2006","Not applicable","Not applicable","Percent","18.43151"
"Namibia","2005","Not applicable","Not applicable","Percent","13.59854"
"Namibia","2003","Not applicable","Not applicable","Percent","18.67751"
"Namibia","2002","Not applicable","Not applicable","Percent","19.73048"
"Namibia","2001","Not applicable","Not applicable","Percent","19.80586"
"Namibia","2000","Not applicable","Not applicable","Percent","19.91573"
"Namibia","1999","Not applicable","Not applicable","Percent","19.76133"
"Nepal","2014","Not applicable","Not applicable","Percent","15.08101"
"Nepal","2009","Not applicable","Not applicable","Percent","16.12062"
"Nepal","2008","Not applicable","Not applicable","Percent","13.93978"
"Nepal","2003","Not applicable","Not applicable","Percent","10.78983"
"Nepal","2002","Not applicable","Not applicable","Percent","11.45984"
"Nepal","2001","Not applicable","Not applicable","Percent","13.1371"
"Nepal","2000","Not applicable","Not applicable","Percent","9.82682"
"Nepal","1999","Not applicable","Not applicable","Percent","8.6364"
"Netherlands","2012","Not applicable","Not applicable","Percent","17.19481"
"Netherlands","2011","Not applicable","Not applicable","Percent","16.92238"
"Netherlands","2010","Not applicable","Not applicable","Percent","17.34238"
"Netherlands","2009","Not applicable","Not applicable","Percent","17.50793"
"Netherlands","2008","Not applicable","Not applicable","Percent","16.08222"
"Netherlands","2007","Not applicable","Not applicable","Percent","15.79205"
"Netherlands","2006","Not applicable","Not applicable","Percent","16.55176"
"Netherlands","2005","Not applicable","Not applicable","Percent","17.22981"
"Netherlands","2004","Not applicable","Not applicable","Percent","17.19997"
"Netherlands","2003","Not applicable","Not applicable","Percent","17.59467"
"Netherlands","2002","Not applicable","Not applicable","Percent","16.56954"
"Netherlands","2001","Not applicable","Not applicable","Percent","15.43429"
"Netherlands","2000","Not applicable","Not applicable","Percent","14.38617"
"Netherlands","1999","Not applicable","Not applicable","Percent","14.17874"
"Netherlands","1998","Not applicable","Not applicable","Percent","14.35908"
"New Zealand","2012","Not applicable","Not applicable","Percent","23.8274"
"New Zealand","2011","Not applicable","Not applicable","Percent","21.1338"
"New Zealand","2010","Not applicable","Not applicable","Percent","21.27326"
"New Zealand","2009","Not applicable","Not applicable","Percent","17.60576"
"New Zealand","2008","Not applicable","Not applicable","Percent","15.00449"
"New Zealand","2007","Not applicable","Not applicable","Percent","17.03622"
"New Zealand","2006","Not applicable","Not applicable","Percent","17.0854"
"New Zealand","2005","Not applicable","Not applicable","Percent","18.69358"
"New Zealand","2004","Not applicable","Not applicable","Percent","18.7546"
"New Zealand","2003","Not applicable","Not applicable","Percent","18.19796"
"New Zealand","2002","Not applicable","Not applicable","Percent","18.56538"
"New Zealand","2001","Not applicable","Not applicable","Percent","19.75136"
"New Zealand","2000","Not applicable","Not applicable","Percent","19.60984"
"New Zealand","1999","Not applicable","Not applicable","Percent","19.59182"
"Nicaragua","2010","Not applicable","Not applicable","Percent","11.27444"
"Nicaragua","2006","Not applicable","Not applicable","Percent","7.67594"
"Nicaragua","2005","Not applicable","Not applicable","Percent","7.67848"
"Nicaragua","2004","Not applicable","Not applicable","Percent","6.85009"
"Niger","2014","Not applicable","Not applicable","Percent","28.79227"
"Niger","2013","Not applicable","Not applicable","Percent","21.5198"
"Niger","2012","Not applicable","Not applicable","Percent","18.80699"
"Niger","2011","Not applicable","Not applicable","Percent","20.49726"
"Niger","2010","Not applicable","Not applicable","Percent","20.95789"
"Niger","2009","Not applicable","Not applicable","Percent","28.26041"
"Niger","2008","Not applicable","Not applicable","Percent","26.94625"
"Niger","2007","Not applicable","Not applicable","Percent","32.39912"
"Niger","2006","Not applicable","Not applicable","Percent","28.14328"
"Niger","2003","Not applicable","Not applicable","Percent","24.92931"
"Norway","2012","Not applicable","Not applicable","Percent","19.25341"
"Norway","2011","Not applicable","Not applicable","Percent","19.60648"
"Norway","2010","Not applicable","Not applicable","Percent","20.7534"
"Norway","2009","Not applicable","Not applicable","Percent","20.93096"
"Norway","2008","Not applicable","Not applicable","Percent","17.59927"
"Norway","2007","Not applicable","Not applicable","Percent","17.8635"
"Norway","2006","Not applicable","Not applicable","Percent","17.75926"
"Norway","2005","Not applicable","Not applicable","Percent","18.49543"
"Norway","2004","Not applicable","Not applicable","Percent","19.58362"
"Norway","2003","Not applicable","Not applicable","Percent","20.84973"
"Norway","2002","Not applicable","Not applicable","Percent","20.02783"
"Norway","1998","Not applicable","Not applicable","Percent","21.38928"
"Oman","2011","Not applicable","Not applicable","Percent","14.53587"
"Oman","2009","Not applicable","Not applicable","Percent","12.16837"
"Oman","2005","Not applicable","Not applicable","Percent","14.36397"
"Oman","2002","Not applicable","Not applicable","Percent","14.75874"
"Oman","2001","Not applicable","Not applicable","Percent","10.77662"
"Oman","1999","Not applicable","Not applicable","Percent","10.31867"
"Oman","1998","Not applicable","Not applicable","Percent","11.1286"
"Pakistan","2014","Not applicable","Not applicable","Percent","8.08396"
"Pakistan","2013","Not applicable","Not applicable","Percent","8.04399"
"Panama","2011","Not applicable","Not applicable","Percent","6.57552"
"Panama","2007","Not applicable","Not applicable","Percent","12.14631"
"Panama","2004","Not applicable","Not applicable","Percent","10.05187"
"Panama","2002","Not applicable","Not applicable","Percent","10.78043"
"Panama","2001","Not applicable","Not applicable","Percent","11.0863"
"Panama","2000","Not applicable","Not applicable","Percent","14.46447"
"Panama","1999","Not applicable","Not applicable","Percent","14.15147"
"Paraguay","2012","Not applicable","Not applicable","Percent","15.14728"
"Paraguay","2011","Not applicable","Not applicable","Percent","12.03329"
"Paraguay","2010","Not applicable","Not applicable","Percent","11.16627"
"Paraguay","2007","Not applicable","Not applicable","Percent","9.52282"
"Paraguay","2004","Not applicable","Not applicable","Percent","9.97529"
"Paraguay","2003","Not applicable","Not applicable","Percent","11.13837"
"Paraguay","2002","Not applicable","Not applicable","Percent","10.51855"
"Paraguay","2001","Not applicable","Not applicable","Percent","11.35019"
"Paraguay","2000","Not applicable","Not applicable","Percent","11.74134"
"Peru","2014","Not applicable","Not applicable","Percent","12.3835"
"Peru","2013","Not applicable","Not applicable","Percent","11.14405"
"Peru","2012","Not applicable","Not applicable","Percent","9.22121"
"Peru","2011","Not applicable","Not applicable","Percent","8.39982"
"Peru","2010","Not applicable","Not applicable","Percent","8.82699"
"Peru","2009","Not applicable","Not applicable","Percent","9.65647"
"Peru","2008","Not applicable","Not applicable","Percent","8.5476"
"Peru","2007","Not applicable","Not applicable","Percent","7.62525"
"Peru","2006","Not applicable","Not applicable","Percent","7.53562"
"Peru","2005","Not applicable","Not applicable","Percent","6.97273"
"Peru","2004","Not applicable","Not applicable","Percent","7.30717"
"Peru","2003","Not applicable","Not applicable","Percent","6.77324"
"Peru","2002","Not applicable","Not applicable","Percent","6.56519"
"Peru","2001","Not applicable","Not applicable","Percent","7.29097"
"Peru","2000","Not applicable","Not applicable","Percent","8.22001"
"Peru","1999","Not applicable","Not applicable","Percent","8.52279"
"Peru","1998","Not applicable","Not applicable","Percent","7.88051"
"Philippines","2008","Not applicable","Not applicable","Percent","9.00382"
"Philippines","2007","Not applicable","Not applicable","Percent","8.68041"
"Philippines","2005","Not applicable","Not applicable","Percent","8.32388"
"Philippines","2004","Not applicable","Not applicable","Percent","8.98081"
"Philippines","2003","Not applicable","Not applicable","Percent","11.41175"
"Philippines","2002","Not applicable","Not applicable","Percent","10.75915"
"Philippines","2001","Not applicable","Not applicable","Percent","11.31083"
"Philippines","2000","Not applicable","Not applicable","Percent","12.02267"
"Poland","2011","Not applicable","Not applicable","Percent","25.92776"
"Poland","2010","Not applicable","Not applicable","Percent","26.92179"
"Poland","2009","Not applicable","Not applicable","Percent","25.94946"
"Poland","2008","Not applicable","Not applicable","Percent","25.29158"
"Poland","2007","Not applicable","Not applicable","Percent","24.1309"
"Poland","2006","Not applicable","Not applicable","Percent","24.93106"
"Poland","2005","Not applicable","Not applicable","Percent","23.67164"
"Poland","2004","Not applicable","Not applicable","Percent","22.71006"
"Poland","2003","Not applicable","Not applicable","Percent","22.79374"
"Poland","2002","Not applicable","Not applicable","Percent","22.40313"
"Portugal","2011","Not applicable","Not applicable","Percent","20.76488"
"Portugal","2010","Not applicable","Not applicable","Percent","21.00495"
"Portugal","2009","Not applicable","Not applicable","Percent","21.35387"
"Portugal","2008","Not applicable","Not applicable","Percent","18.97337"
"Portugal","2007","Not applicable","Not applicable","Percent","19.2106"
"Portugal","2006","Not applicable","Not applicable","Percent","20.76202"
"Portugal","2005","Not applicable","Not applicable","Percent","21.67935"
"Portugal","2004","Not applicable","Not applicable","Percent","21.78473"
"Portugal","2003","Not applicable","Not applicable","Percent","21.84028"
"Portugal","2002","Not applicable","Not applicable","Percent","22.03138"
"Portugal","2001","Not applicable","Not applicable","Percent","20.90474"
"Portugal","2000","Not applicable","Not applicable","Percent","19.60965"
"Portugal","1999","Not applicable","Not applicable","Percent","18.67572"
"Puerto Rico","2013","Not applicable","Not applicable","Percent","18.83151"
"Qatar","2009","Not applicable","Not applicable","Percent","9.66652"
"Republic of Korea","2013","Not applicable","Not applicable","Percent","23.45917"
"Republic of Korea","2009","Not applicable","Not applicable","Percent","22.67065"
"Republic of Korea","2008","Not applicable","Not applicable","Percent","19.22205"
"Republic of Korea","2007","Not applicable","Not applicable","Percent","15.94777"
"Republic of Korea","2006","Not applicable","Not applicable","Percent","16.18654"
"Republic of Korea","2005","Not applicable","Not applicable","Percent","16.48927"
"Republic of Korea","2004","Not applicable","Not applicable","Percent","17.05331"
"Republic of Korea","2003","Not applicable","Not applicable","Percent","16.65148"
"Republic of Korea","2002","Not applicable","Not applicable","Percent","14.78532"
"Republic of Korea","2001","Not applicable","Not applicable","Percent","14.88977"
"Republic of Korea","1999","Not applicable","Not applicable","Percent","16.86822"
"Republic of Korea","1998","Not applicable","Not applicable","Percent","16.34336"
"Romania","2012","Not applicable","Not applicable","Percent","11.80927"
"Romania","2011","Not applicable","Not applicable","Percent","11.84678"
"Romania","2010","Not applicable","Not applicable","Percent","13.90702"
"Romania","2009","Not applicable","Not applicable","Percent","18.59013"
"Romania","2007","Not applicable","Not applicable","Percent","19.22053"
"Romania","2005","Not applicable","Not applicable","Percent","10.514"
"Romania","2004","Not applicable","Not applicable","Percent","9.76206"
"Romania","2003","Not applicable","Not applicable","Percent","11.93395"
"Rwanda","2013","Not applicable","Not applicable","Percent","7.2211"
"Rwanda","2012","Not applicable","Not applicable","Percent","8.01472"
"Rwanda","2011","Not applicable","Not applicable","Percent","6.94499"
"Rwanda","2010","Not applicable","Not applicable","Percent","8.32789"
"Rwanda","2008","Not applicable","Not applicable","Percent","8.04863"
"Rwanda","2007","Not applicable","Not applicable","Percent","9.17752"
"Rwanda","2005","Not applicable","Not applicable","Percent","8.9865"
"Rwanda","2000","Not applicable","Not applicable","Percent","11.56977"
"Saint Kitts and Nevis","1998","Not applicable","Not applicable","Percent","18.369"
"Saint Lucia","2014","Not applicable","Not applicable","Percent","18.12766"
"Saint Lucia","2013","Not applicable","Not applicable","Percent","17.97118"
"Saint Lucia","2012","Not applicable","Not applicable","Percent","15.90136"
"Saint Lucia","2011","Not applicable","Not applicable","Percent","17.02971"
"Saint Lucia","2010","Not applicable","Not applicable","Percent","15.77275"
"Saint Lucia","2009","Not applicable","Not applicable","Percent","13.78372"
"Saint Lucia","2004","Not applicable","Not applicable","Percent","13.41522"
"Saint Lucia","2003","Not applicable","Not applicable","Percent","13.46086"
"Saint Lucia","1999","Not applicable","Not applicable","Percent","26.85467"
"Saint Vincent and the Grenadines","2014","Not applicable","Not applicable","Percent","18.30537"
"Saint Vincent and the Grenadines","2013","Not applicable","Not applicable","Percent","17.56519"
"Saint Vincent and the Grenadines","2011","Not applicable","Not applicable","Percent","17.66856"
"Saint Vincent and the Grenadines","2010","Not applicable","Not applicable","Percent","15.93324"
"Saint Vincent and the Grenadines","2009","Not applicable","Not applicable","Percent","17.46919"
"Saint Vincent and the Grenadines","2007","Not applicable","Not applicable","Percent","20.17306"
"Saint Vincent and the Grenadines","2005","Not applicable","Not applicable","Percent","15.84325"
"Saint Vincent and the Grenadines","2003","Not applicable","Not applicable","Percent","19.70957"
"Saint Vincent and the Grenadines","2000","Not applicable","Not applicable","Percent","21.65213"
"Saint Vincent and the Grenadines","1998","Not applicable","Not applicable","Percent","16.14075"
"Samoa","2002","Not applicable","Not applicable","Percent","10.57399"
"Samoa","2001","Not applicable","Not applicable","Percent","8.63911"
"Samoa","2000","Not applicable","Not applicable","Percent","7.20852"
"Samoa","1999","Not applicable","Not applicable","Percent","8.11587"
"San Marino","2011","Not applicable","Not applicable","Percent","16.96116"
"San Marino","2010","Not applicable","Not applicable","Percent","15.39215"
"Sao Tome and Principe","2014","Not applicable","Not applicable","Percent","12.50762"
"Sao Tome and Principe","2013","Not applicable","Not applicable","Percent","17.15043"
"Sao Tome and Principe","2012","Not applicable","Not applicable","Percent","17.38628"
"Saudi Arabia","2007","Not applicable","Not applicable","Percent","18.17398"
"Senegal","2010","Not applicable","Not applicable","Percent","16.9638"
"Senegal","2009","Not applicable","Not applicable","Percent","18.34218"
"Senegal","2008","Not applicable","Not applicable","Percent","17.15226"
"Senegal","2006","Not applicable","Not applicable","Percent","16.99437"
"Senegal","2005","Not applicable","Not applicable","Percent","16.76171"
"Senegal","1998","Not applicable","Not applicable","Percent","11.67267"
"Serbia","2011","Not applicable","Not applicable","Percent","50.95265"
"Serbia","2010","Not applicable","Not applicable","Percent","54.15722"
"Serbia","2009","Not applicable","Not applicable","Percent","58.06676"
"Serbia","2008","Not applicable","Not applicable","Percent","56.39391"
"Serbia","2007","Not applicable","Not applicable","Percent","53.79242"
"Seychelles","2011","Not applicable","Not applicable","Percent","8.68985"
"Seychelles","2003","Not applicable","Not applicable","Percent","15.41287"
"Seychelles","2002","Not applicable","Not applicable","Percent","14.46023"
"Seychelles","1998","Not applicable","Not applicable","Percent","8.61042"
"Sierra Leone","2013","Not applicable","Not applicable","Percent","5.44082"
"Sierra Leone","2012","Not applicable","Not applicable","Percent","6.81423"
"Sierra Leone","2011","Not applicable","Not applicable","Percent","6.91228"
"Singapore","2010","Not applicable","Not applicable","Percent","10.96166"
"Singapore","2009","Not applicable","Not applicable","Percent","10.58553"
"Singapore","2008","Not applicable","Not applicable","Percent","9.51726"
"Slovakia","2012","Not applicable","Not applicable","Percent","19.09287"
"Slovakia","2011","Not applicable","Not applicable","Percent","19.60206"
"Slovakia","2010","Not applicable","Not applicable","Percent","21.69566"
"Slovakia","2009","Not applicable","Not applicable","Percent","18.31605"
"Slovakia","2008","Not applicable","Not applicable","Percent","15.25729"
"Slovakia","2007","Not applicable","Not applicable","Percent","15.23352"
"Slovakia","2006","Not applicable","Not applicable","Percent","14.9505"
"Slovakia","2005","Not applicable","Not applicable","Percent","14.30589"
"Slovakia","2004","Not applicable","Not applicable","Percent","11.58186"
"Slovakia","2003","Not applicable","Not applicable","Percent","12.52617"
"Slovakia","2002","Not applicable","Not applicable","Percent","11.01884"
"Slovakia","2001","Not applicable","Not applicable","Percent","10.52136"
"Slovakia","2000","Not applicable","Not applicable","Percent","10.54974"
"Slovakia","1999","Not applicable","Not applicable","Percent","10.01657"
"Slovenia","2012","Not applicable","Not applicable","Percent","29.95025"
"Slovenia","2011","Not applicable","Not applicable","Percent","30.03122"
"Slovenia","2010","Not applicable","Not applicable","Percent","30.4416"
"Slovenia","2003","Not applicable","Not applicable","Percent","28.38558"
"Slovenia","2002","Not applicable","Not applicable","Percent","27.42728"
"Slovenia","2001","Not applicable","Not applicable","Percent","25.65298"
"South Africa","2014","Not applicable","Not applicable","Percent","17.68114"
"South Africa","2012","Not applicable","Not applicable","Percent","18.83745"
"South Africa","2011","Not applicable","Not applicable","Percent","17.45926"
"South Africa","2010","Not applicable","Not applicable","Percent","17.06055"
"South Africa","2009","Not applicable","Not applicable","Percent","14.7175"
"South Africa","2008","Not applicable","Not applicable","Percent","13.18911"
"South Africa","2007","Not applicable","Not applicable","Percent","13.91261"
"South Africa","2006","Not applicable","Not applicable","Percent","14.81127"
"South Africa","2005","Not applicable","Not applicable","Percent","13.64976"
"South Africa","2004","Not applicable","Not applicable","Percent","12.65899"
"South Africa","2003","Not applicable","Not applicable","Percent","12.37493"
"South Africa","2002","Not applicable","Not applicable","Percent","13.54932"
"South Africa","2001","Not applicable","Not applicable","Percent","13.49527"
"South Africa","2000","Not applicable","Not applicable","Percent","13.52514"
"South Africa","1999","Not applicable","Not applicable","Percent","13.84696"
"South Sudan","2011","Not applicable","Not applicable","Percent","3.60448"
"Spain","2012","Not applicable","Not applicable","Percent","18.81992"
"Spain","2011","Not applicable","Not applicable","Percent","20.86306"
"Spain","2010","Not applicable","Not applicable","Percent","21.07273"
"Spain","2009","Not applicable","Not applicable","Percent","21.27629"
"Spain","2008","Not applicable","Not applicable","Percent","20.00161"
"Spain","2007","Not applicable","Not applicable","Percent","19.04052"
"Spain","2006","Not applicable","Not applicable","Percent","19.01719"
"Spain","2005","Not applicable","Not applicable","Percent","18.70023"
"Spain","2004","Not applicable","Not applicable","Percent","18.5236"
"Spain","2003","Not applicable","Not applicable","Percent","18.16935"
"Spain","2002","Not applicable","Not applicable","Percent","17.76286"
"Spain","2001","Not applicable","Not applicable","Percent","17.48642"
"Spain","2000","Not applicable","Not applicable","Percent","17.09758"
"Spain","1999","Not applicable","Not applicable","Percent","17.53044"
"Spain","1998","Not applicable","Not applicable","Percent","16.75813"
"Sri Lanka","2012","Not applicable","Not applicable","Percent","4.77955"
"Sri Lanka","2011","Not applicable","Not applicable","Percent","5.80979"
"Sri Lanka","2010","Not applicable","Not applicable","Percent","5.90962"
"Sri Lanka","2009","Not applicable","Not applicable","Percent","7.34843"
"Swaziland","2011","Not applicable","Not applicable","Percent","20.7904"
"Swaziland","2010","Not applicable","Not applicable","Percent","16.66829"
"Swaziland","2008","Not applicable","Not applicable","Percent","12.33938"
"Swaziland","2006","Not applicable","Not applicable","Percent","15.66936"
"Swaziland","2005","Not applicable","Not applicable","Percent","14.82979"
"Swaziland","2004","Not applicable","Not applicable","Percent","12.58326"
"Swaziland","2003","Not applicable","Not applicable","Percent","11.18535"
"Swaziland","2002","Not applicable","Not applicable","Percent","9.68926"
"Swaziland","2001","Not applicable","Not applicable","Percent","8.8058"
"Swaziland","2000","Not applicable","Not applicable","Percent","9.58282"
"Swaziland","1999","Not applicable","Not applicable","Percent","8.31624"
"Sweden","2012","Not applicable","Not applicable","Percent","26.60227"
"Sweden","2011","Not applicable","Not applicable","Percent","25.72188"
"Sweden","2010","Not applicable","Not applicable","Percent","26.17976"
"Sweden","2009","Not applicable","Not applicable","Percent","26.77248"
"Sweden","2008","Not applicable","Not applicable","Percent","24.79804"
"Sweden","2007","Not applicable","Not applicable","Percent","23.68994"
"Sweden","2006","Not applicable","Not applicable","Percent","23.12511"
"Sweden","2005","Not applicable","Not applicable","Percent","23.60149"
"Sweden","2004","Not applicable","Not applicable","Percent","23.55072"
"Sweden","2003","Not applicable","Not applicable","Percent","21.84159"
"Sweden","2002","Not applicable","Not applicable","Percent","22.25691"
"Sweden","2001","Not applicable","Not applicable","Percent","20.67893"
"Sweden","2000","Not applicable","Not applicable","Percent","21.75482"
"Sweden","1999","Not applicable","Not applicable","Percent","21.33407"
"Sweden","1998","Not applicable","Not applicable","Percent","22.38859"
"Switzerland","2012","Not applicable","Not applicable","Percent","24.49224"
"Switzerland","2011","Not applicable","Not applicable","Percent","23.43441"
"Switzerland","2010","Not applicable","Not applicable","Percent","21.98747"
"Switzerland","2009","Not applicable","Not applicable","Percent","21.90953"
"Switzerland","1998","Not applicable","Not applicable","Percent","21.63201"
"Syrian Arab Republic","2012","Not applicable","Not applicable","Percent","17.63255"
"Syrian Arab Republic","2009","Not applicable","Not applicable","Percent","17.20989"
"Syrian Arab Republic","2007","Not applicable","Not applicable","Percent","17.66093"
"Syrian Arab Republic","2002","Not applicable","Not applicable","Percent","13.10479"
"Syrian Arab Republic","2000","Not applicable","Not applicable","Percent","12.53568"
"Syrian Arab Republic","1999","Not applicable","Not applicable","Percent","11.11033"
"Syrian Arab Republic","1998","Not applicable","Not applicable","Percent","9.85214"
"Thailand","2012","Not applicable","Not applicable","Percent","29.4466"
"Thailand","2011","Not applicable","Not applicable","Percent","34.32412"
"Thailand","2010","Not applicable","Not applicable","Percent","19.40826"
"Thailand","2009","Not applicable","Not applicable","Percent","23.49026"
"Thailand","2008","Not applicable","Not applicable","Percent","20.13626"
"Thailand","2004","Not applicable","Not applicable","Percent","14.37913"
"Thailand","2001","Not applicable","Not applicable","Percent","16.84401"
"Thailand","2000","Not applicable","Not applicable","Percent","17.81924"
"Thailand","1998","Not applicable","Not applicable","Percent","12.79615"
"Timor-Leste","2011","Not applicable","Not applicable","Percent","31.89363"
"Togo","2014","Not applicable","Not applicable","Percent","14.11237"
"Togo","2013","Not applicable","Not applicable","Percent","12.45622"
"Togo","2012","Not applicable","Not applicable","Percent","14.42343"
"Togo","2011","Not applicable","Not applicable","Percent","10.783"
"Togo","2010","Not applicable","Not applicable","Percent","11.20261"
"Togo","2009","Not applicable","Not applicable","Percent","10.36479"
"Togo","2008","Not applicable","Not applicable","Percent","8.58254"
"Togo","2007","Not applicable","Not applicable","Percent","8.60424"
"Togo","2006","Not applicable","Not applicable","Percent","6.65928"
"Togo","2005","Not applicable","Not applicable","Percent","7.91173"
"Togo","2004","Not applicable","Not applicable","Percent","8.49457"
"Togo","2003","Not applicable","Not applicable","Percent","11.10572"
"Togo","2002","Not applicable","Not applicable","Percent","10.58689"
"Togo","2001","Not applicable","Not applicable","Percent","10.92517"
"Togo","2000","Not applicable","Not applicable","Percent","11.64782"
"Togo","1999","Not applicable","Not applicable","Percent","7.88595"
"Togo","1998","Not applicable","Not applicable","Percent","9.2563"
"Tonga","2004","Not applicable","Not applicable","Percent","9.65381"
"Tonga","2003","Not applicable","Not applicable","Percent","9.08262"
"Tonga","2002","Not applicable","Not applicable","Percent","10.78242"
"Trinidad and Tobago","2009","Not applicable","Not applicable","Percent","15.11747"
"Trinidad and Tobago","2008","Not applicable","Not applicable","Percent","10.37808"
"Trinidad and Tobago","2007","Not applicable","Not applicable","Percent","8.58465"
"Trinidad and Tobago","2003","Not applicable","Not applicable","Percent","11.25691"
"Trinidad and Tobago","2002","Not applicable","Not applicable","Percent","15.4523"
"Trinidad and Tobago","2001","Not applicable","Not applicable","Percent","11.3619"
"Trinidad and Tobago","2000","Not applicable","Not applicable","Percent","10.41674"
"Tunisia","2008","Not applicable","Not applicable","Percent","17.2892"
"Tunisia","2005","Not applicable","Not applicable","Percent","18.72686"
"Tunisia","2004","Not applicable","Not applicable","Percent","19.15468"
"Tunisia","2003","Not applicable","Not applicable","Percent","18.37174"
"Tunisia","2002","Not applicable","Not applicable","Percent","13.99162"
"Tunisia","2001","Not applicable","Not applicable","Percent","14.4394"
"Tunisia","2000","Not applicable","Not applicable","Percent","13.96025"
"Tunisia","1999","Not applicable","Not applicable","Percent","14.1755"
"Uganda","2012","Not applicable","Not applicable","Percent","6.34193"
"Uganda","2011","Not applicable","Not applicable","Percent","6.73789"
"Uganda","2010","Not applicable","Not applicable","Percent","5.10486"
"Uganda","2009","Not applicable","Not applicable","Percent","7.19083"
"Uganda","2004","Not applicable","Not applicable","Percent","10.65814"
"Ukraine","2013","Not applicable","Not applicable","Percent","32.34896"
"Ukraine","2012","Not applicable","Not applicable","Percent","32.38915"
"Ukraine","2011","Not applicable","Not applicable","Percent","28.1313"
"United Arab Emirates","2012","Not applicable","Not applicable","Percent","10.72939"
"United Arab Emirates","2011","Not applicable","Not applicable","Percent","11.60855"
"United Arab Emirates","1998","Not applicable","Not applicable","Percent","5.9149"
"United Kingdom of Great Britain and Northern Ireland","2013","Not applicable","Not applicable","Percent","23.48234"
"United Kingdom of Great Britain and Northern Ireland","2011","Not applicable","Not applicable","Percent","25.13441"
"United Kingdom of Great Britain and Northern Ireland","2010","Not applicable","Not applicable","Percent","25.23767"
"United Kingdom of Great Britain and Northern Ireland","2009","Not applicable","Not applicable","Percent","23.13598"
"United Kingdom of Great Britain and Northern Ireland","2008","Not applicable","Not applicable","Percent","22.20666"
"United Kingdom of Great Britain and Northern Ireland","2007","Not applicable","Not applicable","Percent","21.8394"
"United Kingdom of Great Britain and Northern Ireland","2006","Not applicable","Not applicable","Percent","20.65659"
"United Kingdom of Great Britain and Northern Ireland","2005","Not applicable","Not applicable","Percent","17.79276"
"United Kingdom of Great Britain and Northern Ireland","2004","Not applicable","Not applicable","Percent","16.69289"
"United Kingdom of Great Britain and Northern Ireland","2003","Not applicable","Not applicable","Percent","17.25703"
"United Kingdom of Great Britain and Northern Ireland","2002","Not applicable","Not applicable","Percent","15.32414"
"United Kingdom of Great Britain and Northern Ireland","2001","Not applicable","Not applicable","Percent","14.11953"
"United Kingdom of Great Britain and Northern Ireland","2000","Not applicable","Not applicable","Percent","13.62631"
"United Kingdom of Great Britain and Northern Ireland","1999","Not applicable","Not applicable","Percent","13.2281"
"United Kingdom of Great Britain and Northern Ireland","1998","Not applicable","Not applicable","Percent","13.48708"
"United Republic of Tanzania","2009","Not applicable","Not applicable","Percent","8.25707"
"United Republic of Tanzania","2008","Not applicable","Not applicable","Percent","8.94391"
"United Republic of Tanzania","2007","Not applicable","Not applicable","Percent","9.27031"
"United Republic of Tanzania","2006","Not applicable","Not applicable","Percent","8.16347"
"United Republic of Tanzania","2005","Not applicable","Not applicable","Percent","12.56582"
"United Republic of Tanzania","2004","Not applicable","Not applicable","Percent","14.48288"
"United States of America","2012","Not applicable","Not applicable","Percent","20.56455"
"United States of America","2011","Not applicable","Not applicable","Percent","20.89276"
"United States of America","2010","Not applicable","Not applicable","Percent","22.09959"
"United States of America","2009","Not applicable","Not applicable","Percent","21.79109"
"United States of America","2008","Not applicable","Not applicable","Percent","21.77162"
"United States of America","2007","Not applicable","Not applicable","Percent","21.1868"
"United States of America","2006","Not applicable","Not applicable","Percent","20.94324"
"United States of America","2005","Not applicable","Not applicable","Percent","19.6429"
"United States of America","2004","Not applicable","Not applicable","Percent","20.79936"
"United States of America","2003","Not applicable","Not applicable","Percent","20.38951"
"United States of America","2002","Not applicable","Not applicable","Percent","20.29734"
"United States of America","2001","Not applicable","Not applicable","Percent","19.9092"
"United States of America","2000","Not applicable","Not applicable","Percent","18.34581"
"United States of America","1999","Not applicable","Not applicable","Percent","17.03499"
"United States of America","1998","Not applicable","Not applicable","Percent","16.54"
"Uruguay","2006","Not applicable","Not applicable","Percent","8.75025"
"Uruguay","2005","Not applicable","Not applicable","Percent","8.34322"
"Uruguay","2004","Not applicable","Not applicable","Percent","7.3653"
"Uruguay","2003","Not applicable","Not applicable","Percent","5.85263"
"Uruguay","2002","Not applicable","Not applicable","Percent","6.98224"
"Uruguay","2001","Not applicable","Not applicable","Percent","9.62925"
"Uruguay","2000","Not applicable","Not applicable","Percent","7.2579"
"Uruguay","1999","Not applicable","Not applicable","Percent","7.15132"
"Vanuatu","2009","Not applicable","Not applicable","Percent","16.19971"
"Vanuatu","2008","Not applicable","Not applicable","Percent","16.76755"
"Vanuatu","2001","Not applicable","Not applicable","Percent","12.93504"
"Vanuatu","2000","Not applicable","Not applicable","Percent","13.27087"
"Vanuatu","1999","Not applicable","Not applicable","Percent","11.26561"
"Vanuatu","1998","Not applicable","Not applicable","Percent","11.73944"
"Venezuela (Bolivarian Republic of)","2009","Not applicable","Not applicable","Percent","17.90563"
"Venezuela (Bolivarian Republic of)","2007","Not applicable","Not applicable","Percent","9.06394"
"Venezuela (Bolivarian Republic of)","2006","Not applicable","Not applicable","Percent","8.01947"
"Viet Nam","2012","Not applicable","Not applicable","Percent","23.77934"
"Viet Nam","2010","Not applicable","Not applicable","Percent","25.34212"
"Viet Nam","2008","Not applicable","Not applicable","Percent","17.7854"
"Yemen","2011","Not applicable","Not applicable","Percent","18.61486"
"Zambia","2005","Not applicable","Not applicable","Percent","4.62364"
"Zambia","2004","Not applicable","Not applicable","Percent","7.80849"
"Zambia","2000","Not applicable","Not applicable","Percent","6.22729"

