,Reference Area,Sub Group,Year,Population,Continent
1436,Sao Tome and Principe,Rural Female,2001.0,30805.0,Africa
1438,Sao Tome and Principe,Rural Male,2001.0,31781.0,Africa
1437,Sao Tome and Principe,Rural Female,1991.0,32111.0,Africa
1439,Sao Tome and Principe,Rural Male,1991.0,32618.0,Africa
271,Cape Verde,Rural Male,1990.0,89603.0,Africa
270,Cape Verde,Rural Male,2000.0,96551.0,Africa
269,Cape Verde,Rural Male,2001.0,96937.0,Africa
268,Cape Verde,Rural Male,2002.0,97287.0,Africa
267,Cape Verde,Rural Male,2003.0,97600.0,Africa
266,Cape Verde,Rural Female,1990.0,101289.0,Africa
265,Cape Verde,Rural Female,2000.0,104842.0,Africa
264,Cape Verde,Rural Female,2001.0,105262.0,Africa
263,Cape Verde,Rural Female,2002.0,105633.0,Africa
262,Cape Verde,Rural Female,2003.0,105956.0,Africa
479,Equatorial Guinea,Rural Male,1991.0,106410.0,Africa
478,Equatorial Guinea,Rural Female,1991.0,117860.0,Africa
577,Gabon,Rural Male,1993.0,130162.0,Africa
576,Gabon,Rural Female,1993.0,142518.0,Africa
317,Comoros,Rural Male,1991.0,157152.0,Africa
316,Comoros,Rural Female,1991.0,162446.0,Africa
1553,Swaziland,Rural Male,1986.0,241643.0,Africa
1549,Swaziland,Rural Female,1986.0,284437.0,Africa
1552,Swaziland,Rural Male,1994.0,302134.0,Africa
1551,Swaziland,Rural Male,1996.0,319772.0,Africa
1021,Mauritius,Rural Female,1990.0,320762.0,Africa
1031,Mauritius,Rural Male,1990.0,321656.0,Africa
1030,Mauritius,Rural Male,1997.0,326302.0,Africa
1020,Mauritius,Rural Female,1997.0,327536.0,Africa
1029,Mauritius,Rural Male,1998.0,330232.0,Africa
1019,Mauritius,Rural Female,1998.0,332051.0,Africa
1550,Swaziland,Rural Male,1997.0,333898.0,Africa
1028,Mauritius,Rural Male,1999.0,334807.0,Africa
1026,Mauritius,Rural Male,2000.0,335912.0,Africa
1018,Mauritius,Rural Female,1999.0,337502.0,Africa
1027,Mauritius,Rural Male,2000.0,338534.0,Africa
1016,Mauritius,Rural Female,2000.0,339891.0,Africa
1017,Mauritius,Rural Female,2000.0,341982.0,Africa
1025,Mauritius,Rural Male,2001.0,342769.0,Africa
1015,Mauritius,Rural Female,2001.0,346290.0,Africa
1024,Mauritius,Rural Male,2002.0,346317.0,Africa
1023,Mauritius,Rural Male,2003.0,350007.0,Africa
1014,Mauritius,Rural Female,2002.0,350125.0,Africa
1022,Mauritius,Rural Male,2004.0,353566.0,Africa
1013,Mauritius,Rural Female,2003.0,354436.0,Africa
1012,Mauritius,Rural Female,2004.0,358232.0,Africa
1548,Swaziland,Rural Female,1994.0,359638.0,Africa
1547,Swaziland,Rural Female,1996.0,380667.0,Africa
1546,Swaziland,Rural Female,1997.0,381392.0,Africa
183,Botswana,Rural Male,2001.0,384769.0,Africa
179,Botswana,Rural Female,2001.0,385614.0,Africa
185,Botswana,Rural Male,1986.0,410781.0,Africa
184,Botswana,Rural Male,1987.0,422913.0,Africa
181,Botswana,Rural Female,1986.0,471809.0,Africa
180,Botswana,Rural Female,1987.0,484058.0,Africa
422,Egypt,Rural Female,2001.0,484629.0,Africa
1105,Namibia,Rural Male,1991.0,491848.0,Africa
434,Egypt,Rural Male,2001.0,510187.0,Africa
1103,Namibia,Rural Female,1991.0,535392.0,Africa
1104,Namibia,Rural Male,2001.0,587363.0,Africa
182,Botswana,Rural Male,2004.0,636795.0,Africa
1102,Namibia,Rural Female,2001.0,639336.0,Africa
178,Botswana,Rural Female,2004.0,681011.0,Africa
275,Central African Republic,Rural Male,1988.0,757926.0,Africa
273,Central African Republic,Rural Female,1988.0,792251.0,Africa
933,Lesotho,Rural Male,2001.0,933623.0,Africa
932,Lesotho,Rural Female,2001.0,935019.0,Africa
274,Central African Republic,Rural Male,2003.0,970564.0,Africa
272,Central African Republic,Rural Female,2003.0,985657.0,Africa
171,Benin,Rural Male,1992.0,1533145.0,Africa
170,Benin,Rural Male,1993.0,1575812.0,Africa
169,Benin,Rural Male,1994.0,1616138.0,Africa
164,Benin,Rural Female,1992.0,1626213.0,Africa
168,Benin,Rural Male,1995.0,1658565.0,Africa
163,Benin,Rural Female,1993.0,1665803.0,Africa
1662,Tunisia,Rural Female,1994.0,1701663.0,Africa
167,Benin,Rural Male,1996.0,1702874.0,Africa
162,Benin,Rural Female,1994.0,1708605.0,Africa
1663,Tunisia,Rural Male,1994.0,1722121.0,Africa
161,Benin,Rural Female,1995.0,1750382.0,Africa
166,Benin,Rural Male,2000.0,1792800.0,Africa
160,Benin,Rural Female,1996.0,1792926.0,Africa
159,Benin,Rural Female,2000.0,1883317.0,Africa
165,Benin,Rural Male,2002.0,2003701.0,Africa
1441,Senegal,Rural Male,1988.0,2049824.0,Africa
158,Benin,Rural Female,2002.0,2136080.0,Africa
1518,Somalia,Rural Female,2002.0,2157149.0,Africa
1795,Zambia,Rural Male,1990.0,2163761.0,Africa
1440,Senegal,Rural Female,1988.0,2193041.0,Africa
1792,Zambia,Rural Female,1990.0,2314053.0,Africa
1519,Somalia,Rural Male,2002.0,2331113.0,Africa
245,Burundi,Rural Male,1990.0,2394327.0,Africa
239,Burundi,Rural Female,1990.0,2565422.0,Africa
244,Burundi,Rural Male,1993.0,2591399.0,Africa
243,Burundi,Rural Male,1994.0,2635963.0,Africa
242,Burundi,Rural Male,1995.0,2681169.0,Africa
241,Burundi,Rural Male,1996.0,2726987.0,Africa
240,Burundi,Rural Male,1997.0,2771124.0,Africa
238,Burundi,Rural Female,1993.0,2774889.0,Africa
237,Burundi,Rural Female,1994.0,2818624.0,Africa
236,Burundi,Rural Female,1995.0,2863096.0,Africa
235,Burundi,Rural Female,1996.0,2906303.0,Africa
1011,Mali,Rural Male,1987.0,2923424.0,Africa
1794,Zambia,Rural Male,2000.0,2931551.0,Africa
234,Burundi,Rural Female,1997.0,2949812.0,Africa
1199,Niger,Rural Male,1988.0,3035280.0,Africa
1791,Zambia,Rural Female,2000.0,3058805.0,Africa
1010,Mali,Rural Female,1987.0,3082635.0,Africa
1192,Niger,Rural Female,1988.0,3107080.0,Africa
1401,Rwanda,Rural Male,2002.0,3152276.0,Africa
1793,Zambia,Rural Male,2000.0,3220939.0,Africa
1790,Zambia,Rural Female,2000.0,3237790.0,Africa
989,Malawi,Rural Male,1987.0,3421273.0,Africa
1400,Rwanda,Rural Female,2002.0,3603673.0,Africa
1798,Zimbabwe,Rural Male,2002.0,3646004.0,Africa
987,Malawi,Rural Female,1987.0,3713844.0,Africa
1799,Zimbabwe,Rural Male,1997.0,3740614.0,Africa
1198,Niger,Rural Male,1996.0,3886164.0,Africa
1191,Niger,Rural Female,1996.0,3931695.0,Africa
1796,Zimbabwe,Rural Female,2002.0,3955946.0,Africa
1197,Niger,Rural Male,1997.0,4005099.0,Africa
1190,Niger,Rural Female,1997.0,4047528.0,Africa
988,Malawi,Rural Male,1998.0,4124724.0,Africa
1196,Niger,Rural Male,1998.0,4127689.0,Africa
1189,Niger,Rural Female,1998.0,4166748.0,Africa
1797,Zimbabwe,Rural Female,1997.0,4222080.0,Africa
1195,Niger,Rural Male,1999.0,4254046.0,Africa
1188,Niger,Rural Female,1999.0,4289456.0,Africa
986,Malawi,Rural Female,1998.0,4373708.0,Africa
1194,Niger,Rural Male,2000.0,4384289.0,Africa
1187,Niger,Rural Female,2000.0,4415748.0,Africa
1193,Niger,Rural Male,2001.0,4616824.0,Africa
1186,Niger,Rural Female,2001.0,4644966.0,Africa
1539,South Africa,Rural Male,1985.0,4989390.0,Africa
583,Ghana,Rural Male,2000.0,5313552.0,Africa
982,Madagascar,Rural Female,1998.0,5315000.0,Africa
582,Ghana,Rural Female,2000.0,5324257.0,Africa
1529,South Africa,Rural Female,1985.0,5327912.0,Africa
985,Madagascar,Rural Male,1998.0,5346000.0,Africa
981,Madagascar,Rural Female,1999.0,5436000.0,Africa
1101,Mozambique,Rural Male,1997.0,5440190.0,Africa
984,Madagascar,Rural Male,1999.0,5473000.0,Africa
980,Madagascar,Rural Female,2000.0,5558000.0,Africa
983,Madagascar,Rural Male,2000.0,5600000.0,Africa
20,Algeria,Rural Female,1998.0,5971625.0,Africa
1100,Mozambique,Rural Female,1997.0,6057924.0,Africa
1099,Morocco,Rural Male,1989.0,6071000.0,Africa
1098,Morocco,Rural Male,1990.0,6100000.0,Africa
1097,Morocco,Rural Male,1991.0,6123000.0,Africa
1096,Morocco,Rural Male,1992.0,6151000.0,Africa
21,Algeria,Rural Male,1998.0,6162303.0,Africa
1095,Morocco,Rural Male,1993.0,6176000.0,Africa
1073,Morocco,Rural Female,2003.0,6310000.0,Africa
1094,Morocco,Rural Male,1994.0,6311564.0,Africa
1074,Morocco,Rural Female,2002.0,6334000.0,Africa
1075,Morocco,Rural Female,2001.0,6351000.0,Africa
1080,Morocco,Rural Female,1994.0,6351470.0,Africa
1076,Morocco,Rural Female,2000.0,6362000.0,Africa
1077,Morocco,Rural Female,1999.0,6368000.0,Africa
1079,Morocco,Rural Female,1997.0,6371000.0,Africa
1078,Morocco,Rural Female,1998.0,6372000.0,Africa
1093,Morocco,Rural Male,1997.0,6415000.0,Africa
1092,Morocco,Rural Male,1998.0,6446000.0,Africa
1085,Morocco,Rural Female,1989.0,6454000.0,Africa
1091,Morocco,Rural Male,1999.0,6469000.0,Africa
1090,Morocco,Rural Male,2000.0,6494000.0,Africa
1089,Morocco,Rural Male,2001.0,6512000.0,Africa
1088,Morocco,Rural Male,2002.0,6525000.0,Africa
1084,Morocco,Rural Female,1990.0,6527000.0,Africa
1087,Morocco,Rural Male,2003.0,6534000.0,Africa
1538,South Africa,Rural Male,1991.0,6565217.0,Africa
1083,Morocco,Rural Female,1991.0,6599000.0,Africa
1086,Morocco,Rural Male,2004.0,6618389.0,Africa
1082,Morocco,Rural Female,1992.0,6671000.0,Africa
1072,Morocco,Rural Female,2004.0,6722119.0,Africa
1081,Morocco,Rural Female,1993.0,6744000.0,Africa
1528,South Africa,Rural Female,1991.0,6869958.0,Africa
1677,Uganda,Rural Male,1991.0,7269101.0,Africa
1675,Uganda,Rural Female,1991.0,7512982.0,Africa
1537,South Africa,Rural Male,1996.0,8790300.0,Africa
1536,South Africa,Rural Male,1996.0,8852960.0,Africa
1535,South Africa,Rural Male,1997.0,9020300.0,Africa
1649,Tanzania,Rural Male,1988.0,9093962.0,Africa
1534,South Africa,Rural Male,1998.0,9256300.0,Africa
1533,South Africa,Rural Male,1999.0,9498388.0,Africa
1532,South Africa,Rural Male,2000.0,9743422.0,Africa
1648,Tanzania,Rural Female,1988.0,9762886.0,Africa
1527,South Africa,Rural Female,1996.0,9892600.0,Africa
1526,South Africa,Rural Female,1996.0,9948806.0,Africa
1531,South Africa,Rural Male,2001.0,9999892.0,Africa
1525,South Africa,Rural Female,1997.0,10098600.0,Africa
1530,South Africa,Rural Male,2002.0,10257955.0,Africa
1524,South Africa,Rural Female,1998.0,10308900.0,Africa
1676,Uganda,Rural Male,2002.0,10480119.0,Africa
1523,South Africa,Rural Female,1999.0,10523537.0,Africa
1522,South Africa,Rural Female,2000.0,10817083.0,Africa
1674,Uganda,Rural Female,2002.0,10962578.0,Africa
1521,South Africa,Rural Female,2001.0,11059309.0,Africa
1520,South Africa,Rural Female,2002.0,11307978.0,Africa
840,Kenya,Rural Male,2000.0,11749957.0,Africa
839,Kenya,Rural Male,2001.0,12132177.0,Africa
841,Kenya,Rural Male,1999.0,12272152.0,Africa
838,Kenya,Rural Male,2002.0,12525227.0,Africa
835,Kenya,Rural Female,1999.0,12874567.0,Africa
837,Kenya,Rural Male,2003.0,12929157.0,Africa
834,Kenya,Rural Female,2000.0,13165123.0,Africa
433,Egypt,Rural Female,1986.0,13238310.0,Africa
836,Kenya,Rural Male,2004.0,13343906.0,Africa
833,Kenya,Rural Female,2001.0,13566533.0,Africa
445,Egypt,Rural Male,1986.0,13800424.0,Africa
832,Kenya,Rural Female,2002.0,13979093.0,Africa
831,Kenya,Rural Female,2003.0,14402851.0,Africa
432,Egypt,Rural Female,1991.0,14696000.0,Africa
830,Kenya,Rural Female,2004.0,14837764.0,Africa
431,Egypt,Rural Female,1992.0,14987000.0,Africa
430,Egypt,Rural Female,1993.0,15151304.0,Africa
444,Egypt,Rural Male,1991.0,15381000.0,Africa
429,Egypt,Rural Female,1994.0,15533828.0,Africa
443,Egypt,Rural Male,1992.0,15729000.0,Africa
442,Egypt,Rural Male,1993.0,15922204.0,Africa
428,Egypt,Rural Female,1995.0,15952108.0,Africa
441,Egypt,Rural Male,1994.0,16328935.0,Africa
427,Egypt,Rural Female,1996.0,16473872.0,Africa
426,Egypt,Rural Female,1996.0,16632964.0,Africa
440,Egypt,Rural Male,1995.0,16717824.0,Africa
425,Egypt,Rural Female,1997.0,16845645.0,Africa
424,Egypt,Rural Female,1998.0,17201885.0,Africa
439,Egypt,Rural Male,1996.0,17261937.0,Africa
438,Egypt,Rural Male,1996.0,17393615.0,Africa
423,Egypt,Rural Female,1999.0,17584107.0,Africa
437,Egypt,Rural Male,1997.0,17645022.0,Africa
436,Egypt,Rural Male,1998.0,18015516.0,Africa
435,Egypt,Rural Male,1999.0,18426766.0,Africa
533,Ethiopia,Rural Female,1994.0,22778165.0,Africa
532,Ethiopia,Rural Female,1995.0,23226459.0,Africa
543,Ethiopia,Rural Male,1994.0,23375893.0,Africa
542,Ethiopia,Rural Male,1995.0,23835995.0,Africa
531,Ethiopia,Rural Female,1996.0,23963000.0,Africa
541,Ethiopia,Rural Male,1996.0,24459000.0,Africa
530,Ethiopia,Rural Female,1997.0,24694000.0,Africa
540,Ethiopia,Rural Male,1997.0,25108000.0,Africa
529,Ethiopia,Rural Female,1998.0,25419000.0,Africa
539,Ethiopia,Rural Male,1998.0,25772000.0,Africa
528,Ethiopia,Rural Female,1999.0,26146000.0,Africa
538,Ethiopia,Rural Male,1999.0,26452000.0,Africa
527,Ethiopia,Rural Female,2001.0,27614825.0,Africa
537,Ethiopia,Rural Male,2001.0,27876358.0,Africa
1205,Nigeria,Rural Male,1991.0,28062569.0,Africa
526,Ethiopia,Rural Female,2002.0,28340000.0,Africa
536,Ethiopia,Rural Male,2002.0,28573000.0,Africa
1200,Nigeria,Rural Female,1991.0,28641196.0,Africa
525,Ethiopia,Rural Female,2003.0,29076000.0,Africa
535,Ethiopia,Rural Male,2003.0,29306000.0,Africa
524,Ethiopia,Rural Female,2004.0,29817000.0,Africa
534,Ethiopia,Rural Male,2004.0,30050000.0,Africa
1209,Nigeria,Rural Male,1985.0,39090892.0,Africa
1208,Nigeria,Rural Male,1986.0,40105009.0,Africa
1204,Nigeria,Rural Female,1985.0,41177880.0,Africa
1207,Nigeria,Rural Male,1987.0,41429507.0,Africa
1203,Nigeria,Rural Female,1986.0,42248192.0,Africa
1206,Nigeria,Rural Male,1988.0,43489798.0,Africa
1202,Nigeria,Rural Female,1987.0,43641350.0,Africa
1201,Nigeria,Rural Female,1988.0,44558540.0,Africa
88,Bahrain,Rural Female,1991.0,24910.0,Asia
89,Bahrain,Rural Male,1991.0,33791.0,Asia
193,Brunei,Rural Female,1991.0,40062.0,Asia
192,Brunei,Rural Female,2001.0,45217.0,Asia
195,Brunei,Rural Male,1991.0,47009.0,Asia
194,Brunei,Rural Male,2001.0,48928.0,Asia
1001,Maldives,Rural Female,1985.0,66629.0,Asia
1009,Maldives,Rural Male,1985.0,67585.0,Asia
1000,Maldives,Rural Female,1990.0,78899.0,Asia
1008,Maldives,Rural Male,1990.0,79186.0,Asia
1007,Maldives,Rural Male,1995.0,91116.0,Asia
999,Maldives,Rural Female,1995.0,91179.0,Asia
998,Maldives,Rural Female,2000.0,97391.0,Asia
1006,Maldives,Rural Male,2000.0,98641.0,Asia
997,Maldives,Rural Female,2001.0,99509.0,Asia
1005,Maldives,Rural Male,2001.0,100786.0,Asia
996,Maldives,Rural Female,2002.0,101158.0,Asia
1004,Maldives,Rural Male,2002.0,102457.0,Asia
995,Maldives,Rural Female,2003.0,102787.0,Asia
1003,Maldives,Rural Male,2003.0,104106.0,Asia
994,Maldives,Rural Female,2004.0,104379.0,Asia
1002,Maldives,Rural Male,2004.0,105718.0,Asia
749,Israel,Rural Female,1990.0,226300.0,Asia
750,Israel,Rural Female,1987.0,234900.0,Asia
1067,Mongolia,Rural Male,1990.0,235361.0,Asia
762,Israel,Rural Male,1990.0,240500.0,Asia
744,Israel,Rural Female,1995.0,242449.0,Asia
1051,Mongolia,Rural Female,1990.0,242562.0,Asia
763,Israel,Rural Male,1987.0,250000.0,Asia
748,Israel,Rural Female,1992.0,251900.0,Asia
743,Israel,Rural Female,1997.0,259400.0,Asia
757,Israel,Rural Male,1995.0,261339.0,Asia
741,Israel,Rural Female,2001.0,262000.0,Asia
747,Israel,Rural Female,1993.0,262400.0,Asia
761,Israel,Rural Male,1992.0,266600.0,Asia
740,Israel,Rural Female,2002.0,269100.0,Asia
746,Israel,Rural Female,1994.0,270600.0,Asia
756,Israel,Rural Male,1997.0,275500.0,Asia
739,Israel,Rural Female,2003.0,276300.0,Asia
754,Israel,Rural Male,2001.0,276300.0,Asia
760,Israel,Rural Male,1993.0,276700.0,Asia
745,Israel,Rural Female,1995.0,279900.0,Asia
753,Israel,Rural Male,2002.0,283500.0,Asia
738,Israel,Rural Female,2004.0,283700.0,Asia
759,Israel,Rural Male,1994.0,285100.0,Asia
742,Israel,Rural Female,2000.0,288500.0,Asia
752,Israel,Rural Male,2003.0,291000.0,Asia
758,Israel,Rural Male,1995.0,294500.0,Asia
751,Israel,Rural Male,2004.0,298300.0,Asia
1214,Oman,Rural Female,2003.0,304567.0,Asia
755,Israel,Rural Male,2000.0,304700.0,Asia
1060,Mongolia,Rural Male,1997.0,358866.0,Asia
1215,Oman,Rural Male,2003.0,362768.0,Asia
1044,Mongolia,Rural Female,1997.0,363760.0,Asia
1059,Mongolia,Rural Male,1998.0,368904.0,Asia
1043,Mongolia,Rural Female,1998.0,371688.0,Asia
789,Jordan,Rural Female,1994.0,427506.0,Asia
1066,Mongolia,Rural Male,1991.0,471919.0,Asia
791,Jordan,Rural Male,1994.0,473195.0,Asia
1050,Mongolia,Rural Female,1991.0,481584.0,Asia
1065,Mongolia,Rural Male,1992.0,499995.0,Asia
1049,Mongolia,Rural Female,1992.0,506177.0,Asia
1040,Mongolia,Rural Female,2000.0,508077.0,Asia
1041,Mongolia,Rural Female,2000.0,508477.0,Asia
1064,Mongolia,Rural Male,1993.0,513306.0,Asia
1052,Mongolia,Rural Male,2004.0,516886.0,Asia
1063,Mongolia,Rural Male,1994.0,518981.0,Asia
1039,Mongolia,Rural Female,2001.0,519092.0,Asia
1048,Mongolia,Rural Female,1993.0,519279.0,Asia
1036,Mongolia,Rural Female,2004.0,520481.0,Asia
1056,Mongolia,Rural Male,2000.0,520900.0,Asia
1057,Mongolia,Rural Male,2000.0,521267.0,Asia
1053,Mongolia,Rural Male,2003.0,522150.0,Asia
1047,Mongolia,Rural Female,1994.0,523050.0,Asia
1055,Mongolia,Rural Male,2001.0,524054.0,Asia
1037,Mongolia,Rural Female,2003.0,524962.0,Asia
1054,Mongolia,Rural Male,2002.0,526488.0,Asia
1038,Mongolia,Rural Female,2002.0,528615.0,Asia
1042,Mongolia,Rural Female,1999.0,530802.0,Asia
788,Jordan,Rural Female,2004.0,535400.0,Asia
1058,Mongolia,Rural Male,1999.0,537580.0,Asia
1061,Mongolia,Rural Male,1996.0,541779.0,Asia
1062,Mongolia,Rural Male,1995.0,543799.0,Asia
1045,Mongolia,Rural Female,1996.0,546596.0,Asia
1046,Mongolia,Rural Female,1995.0,548687.0,Asia
790,Jordan,Rural Male,2004.0,570856.0,Asia
1671,Turkmenistan,Rural Male,1989.0,951934.0,Asia
1670,Turkmenistan,Rural Female,1989.0,979635.0,Asia
887,Kyrgyzstan,Rural Male,1985.0,1227600.0,Asia
886,Kyrgyzstan,Rural Male,1986.0,1254200.0,Asia
865,Kyrgyzstan,Rural Female,1985.0,1262400.0,Asia
885,Kyrgyzstan,Rural Male,1987.0,1280700.0,Asia
864,Kyrgyzstan,Rural Female,1986.0,1285600.0,Asia
884,Kyrgyzstan,Rural Male,1988.0,1303800.0,Asia
882,Kyrgyzstan,Rural Male,1989.0,1307557.0,Asia
863,Kyrgyzstan,Rural Female,1987.0,1307800.0,Asia
860,Kyrgyzstan,Rural Female,1989.0,1325663.0,Asia
862,Kyrgyzstan,Rural Female,1988.0,1325800.0,Asia
883,Kyrgyzstan,Rural Male,1989.0,1343000.0,Asia
861,Kyrgyzstan,Rural Female,1989.0,1361100.0,Asia
881,Kyrgyzstan,Rural Male,1990.0,1370800.0,Asia
859,Kyrgyzstan,Rural Female,1990.0,1384800.0,Asia
880,Kyrgyzstan,Rural Male,1991.0,1395700.0,Asia
858,Kyrgyzstan,Rural Female,1991.0,1405100.0,Asia
879,Kyrgyzstan,Rural Male,1992.0,1419800.0,Asia
857,Kyrgyzstan,Rural Female,1992.0,1425900.0,Asia
878,Kyrgyzstan,Rural Male,1993.0,1433300.0,Asia
856,Kyrgyzstan,Rural Female,1993.0,1437500.0,Asia
877,Kyrgyzstan,Rural Male,1994.0,1447000.0,Asia
855,Kyrgyzstan,Rural Female,1994.0,1448200.0,Asia
854,Kyrgyzstan,Rural Female,1995.0,1470800.0,Asia
876,Kyrgyzstan,Rural Male,1995.0,1472800.0,Asia
853,Kyrgyzstan,Rural Female,1996.0,1496400.0,Asia
875,Kyrgyzstan,Rural Male,1996.0,1500800.0,Asia
852,Kyrgyzstan,Rural Female,1997.0,1521400.0,Asia
874,Kyrgyzstan,Rural Male,1997.0,1527600.0,Asia
851,Kyrgyzstan,Rural Female,1998.0,1546100.0,Asia
873,Kyrgyzstan,Rural Male,1998.0,1554000.0,Asia
849,Kyrgyzstan,Rural Female,1999.0,1566106.0,Asia
850,Kyrgyzstan,Rural Female,1999.0,1568700.0,Asia
871,Kyrgyzstan,Rural Male,1999.0,1578209.0,Asia
872,Kyrgyzstan,Rural Male,1999.0,1578800.0,Asia
848,Kyrgyzstan,Rural Female,2000.0,1582000.0,Asia
847,Kyrgyzstan,Rural Female,2001.0,1590200.0,Asia
870,Kyrgyzstan,Rural Male,2000.0,1594500.0,Asia
869,Kyrgyzstan,Rural Male,2001.0,1604000.0,Asia
846,Kyrgyzstan,Rural Female,2002.0,1607500.0,Asia
845,Kyrgyzstan,Rural Female,2003.0,1618000.0,Asia
868,Kyrgyzstan,Rural Male,2002.0,1622100.0,Asia
844,Kyrgyzstan,Rural Female,2004.0,1628300.0,Asia
867,Kyrgyzstan,Rural Male,2003.0,1634900.0,Asia
866,Kyrgyzstan,Rural Male,2004.0,1648100.0,Asia
1647,Tajikistan,Rural Male,1989.0,1717259.0,Asia
1637,Tajikistan,Rural Female,1989.0,1720239.0,Asia
1646,Tajikistan,Rural Male,1990.0,1804800.0,Asia
1636,Tajikistan,Rural Female,1990.0,1813200.0,Asia
1645,Tajikistan,Rural Male,1991.0,1884200.0,Asia
1635,Tajikistan,Rural Female,1991.0,1888700.0,Asia
1634,Tajikistan,Rural Female,1992.0,1946100.0,Asia
1644,Tajikistan,Rural Male,1992.0,1949700.0,Asia
1633,Tajikistan,Rural Female,1993.0,1996600.0,Asia
1643,Tajikistan,Rural Male,1993.0,1997800.0,Asia
1632,Tajikistan,Rural Female,1999.0,2217646.0,Asia
1642,Tajikistan,Rural Male,1999.0,2236679.0,Asia
1631,Tajikistan,Rural Female,2000.0,2263344.0,Asia
1641,Tajikistan,Rural Male,2000.0,2282622.0,Asia
1630,Tajikistan,Rural Female,2001.0,2309113.0,Asia
1640,Tajikistan,Rural Male,2001.0,2328433.0,Asia
1629,Tajikistan,Rural Female,2002.0,2358009.0,Asia
1639,Tajikistan,Rural Male,2002.0,2377760.0,Asia
1628,Tajikistan,Rural Female,2003.0,2407065.0,Asia
719,Iraq,Rural Female,1987.0,2421744.0,Asia
1638,Tajikistan,Rural Male,2003.0,2427321.0,Asia
721,Iraq,Rural Male,1987.0,2444486.0,Asia
1613,Syria,Rural Female,1985.0,2612000.0,Asia
1627,Syria,Rural Male,1985.0,2664000.0,Asia
1612,Syria,Rural Female,1986.0,2676000.0,Asia
1626,Syria,Rural Male,1986.0,2728000.0,Asia
1611,Syria,Rural Female,1987.0,2743000.0,Asia
1625,Syria,Rural Male,1987.0,2798000.0,Asia
1610,Syria,Rural Female,1988.0,2805000.0,Asia
1624,Syria,Rural Male,1988.0,2861000.0,Asia
1609,Syria,Rural Female,1989.0,2903000.0,Asia
1623,Syria,Rural Male,1989.0,2961000.0,Asia
1608,Syria,Rural Female,1990.0,2986000.0,Asia
1622,Syria,Rural Male,1990.0,3043000.0,Asia
1607,Syria,Rural Female,1991.0,3068000.0,Asia
720,Iraq,Rural Male,1997.0,3070245.0,Asia
1621,Syria,Rural Male,1991.0,3126000.0,Asia
1606,Syria,Rural Female,1992.0,3152000.0,Asia
718,Iraq,Rural Female,1997.0,3168522.0,Asia
813,Kazakhstan,Rural Male,2002.0,3204167.0,Asia
812,Kazakhstan,Rural Male,2003.0,3208063.0,Asia
794,Kazakhstan,Rural Female,2002.0,3211539.0,Asia
1620,Syria,Rural Male,1992.0,3212000.0,Asia
793,Kazakhstan,Rural Female,2003.0,3213258.0,Asia
814,Kazakhstan,Rural Male,2001.0,3214229.0,Asia
795,Kazakhstan,Rural Female,2001.0,3222740.0,Asia
811,Kazakhstan,Rural Male,2004.0,3222761.0,Asia
792,Kazakhstan,Rural Female,2004.0,3223777.0,Asia
815,Kazakhstan,Rural Male,2000.0,3234616.0,Asia
796,Kazakhstan,Rural Female,2000.0,3243527.0,Asia
817,Kazakhstan,Rural Male,1999.0,3256616.0,Asia
798,Kazakhstan,Rural Female,1999.0,3265738.0,Asia
1605,Syria,Rural Female,1993.0,3283000.0,Asia
816,Kazakhstan,Rural Male,1999.0,3283229.0,Asia
797,Kazakhstan,Rural Female,1999.0,3292594.0,Asia
1619,Syria,Rural Male,1993.0,3295000.0,Asia
818,Kazakhstan,Rural Male,1998.0,3317888.0,Asia
799,Kazakhstan,Rural Female,1998.0,3321015.0,Asia
1604,Syria,Rural Female,1994.0,3363000.0,Asia
1618,Syria,Rural Male,1994.0,3369000.0,Asia
819,Kazakhstan,Rural Male,1997.0,3379291.0,Asia
800,Kazakhstan,Rural Female,1997.0,3387785.0,Asia
1603,Syria,Rural Female,1994.0,3408935.0,Asia
829,Kazakhstan,Rural Male,1987.0,3464122.0,Asia
253,Cambodia,Rural Male,1990.0,3474138.0,Asia
828,Kazakhstan,Rural Male,1988.0,3488764.0,Asia
826,Kazakhstan,Rural Male,1989.0,3501895.0,Asia
1617,Syria,Rural Male,1994.0,3508855.0,Asia
827,Kazakhstan,Rural Male,1989.0,3513014.0,Asia
825,Kazakhstan,Rural Male,1990.0,3531281.0,Asia
810,Kazakhstan,Rural Female,1987.0,3547038.0,Asia
809,Kazakhstan,Rural Female,1988.0,3554978.0,Asia
824,Kazakhstan,Rural Male,1991.0,3557600.0,Asia
820,Kazakhstan,Rural Male,1996.0,3562079.0,Asia
808,Kazakhstan,Rural Female,1989.0,3565600.0,Asia
807,Kazakhstan,Rural Female,1989.0,3569265.0,Asia
806,Kazakhstan,Rural Female,1990.0,3573982.0,Asia
801,Kazakhstan,Rural Female,1996.0,3576305.0,Asia
805,Kazakhstan,Rural Female,1991.0,3589300.0,Asia
823,Kazakhstan,Rural Male,1992.0,3597084.0,Asia
804,Kazakhstan,Rural Female,1992.0,3621216.0,Asia
821,Kazakhstan,Rural Male,1995.0,3645041.0,Asia
822,Kazakhstan,Rural Male,1993.0,3650438.0,Asia
802,Kazakhstan,Rural Female,1995.0,3661575.0,Asia
803,Kazakhstan,Rural Female,1993.0,3668215.0,Asia
249,Cambodia,Rural Female,1990.0,4012153.0,Asia
1602,Syria,Rural Female,2002.0,4207000.0,Asia
991,Malaysia,Rural Female,1991.0,4260980.0,Asia
1601,Syria,Rural Female,2003.0,4306000.0,Asia
990,Malaysia,Rural Female,2000.0,4312783.0,Asia
1616,Syria,Rural Male,2002.0,4324000.0,Asia
252,Cambodia,Rural Male,1996.0,4381000.0,Asia
993,Malaysia,Rural Male,1991.0,4403859.0,Asia
1600,Syria,Rural Female,2004.0,4411000.0,Asia
1615,Syria,Rural Male,2003.0,4438000.0,Asia
992,Malaysia,Rural Male,2000.0,4535036.0,Asia
1614,Syria,Rural Male,2004.0,4547000.0,Asia
251,Cambodia,Rural Male,1998.0,4633222.0,Asia
248,Cambodia,Rural Female,1996.0,4781000.0,Asia
247,Cambodia,Rural Female,1998.0,5008859.0,Asia
250,Cambodia,Rural Male,2004.0,5265002.0,Asia
1787,Yemen,Rural Female,1994.0,5547351.0,Asia
1789,Yemen,Rural Male,1994.0,5616938.0,Asia
246,Cambodia,Rural Female,2004.0,5638416.0,Asia
1761,Uzbekistan,Rural Male,1989.0,5847007.0,Asia
1749,Uzbekistan,Rural Female,1989.0,5922107.0,Asia
1760,Uzbekistan,Rural Male,1990.0,6044900.0,Asia
1748,Uzbekistan,Rural Female,1990.0,6110700.0,Asia
1759,Uzbekistan,Rural Male,1991.0,6219100.0,Asia
1747,Uzbekistan,Rural Female,1991.0,6277600.0,Asia
1758,Uzbekistan,Rural Male,1992.0,6441900.0,Asia
1746,Uzbekistan,Rural Female,1992.0,6444000.0,Asia
1788,Yemen,Rural Male,2000.0,6556000.0,Asia
1757,Uzbekistan,Rural Male,1993.0,6624500.0,Asia
1543,Sri Lanka,Rural Male,2001.0,6650596.0,Asia
1745,Uzbekistan,Rural Female,1993.0,6668700.0,Asia
1756,Uzbekistan,Rural Male,1994.0,6807000.0,Asia
1744,Uzbekistan,Rural Female,1994.0,6840700.0,Asia
1542,Sri Lanka,Rural Female,2001.0,6846207.0,Asia
1786,Yemen,Rural Female,2000.0,6903000.0,Asia
1755,Uzbekistan,Rural Male,1995.0,6977800.0,Asia
1743,Uzbekistan,Rural Female,1995.0,7000000.0,Asia
1754,Uzbekistan,Rural Male,1996.0,7151700.0,Asia
1742,Uzbekistan,Rural Female,1996.0,7161100.0,Asia
1741,Uzbekistan,Rural Female,1997.0,7313300.0,Asia
1753,Uzbekistan,Rural Male,1997.0,7315700.0,Asia
1740,Uzbekistan,Rural Female,1999.0,7452665.0,Asia
1752,Uzbekistan,Rural Male,1999.0,7463353.0,Asia
0,Afghanistan,Rural Female,2002.0,7713900.0,Asia
1739,Uzbekistan,Rural Female,2000.0,7715225.0,Asia
1751,Uzbekistan,Rural Male,2000.0,7739755.0,Asia
1738,Uzbekistan,Rural Female,2001.0,7838877.0,Asia
1750,Uzbekistan,Rural Male,2001.0,7869455.0,Asia
1,Afghanistan,Rural Male,2002.0,8120900.0,Asia
1109,Nepal,Rural Male,1991.0,8338973.0,Asia
1107,Nepal,Rural Female,1991.0,8456405.0,Asia
1108,Nepal,Rural Male,1996.0,9255272.0,Asia
1106,Nepal,Rural Female,1996.0,9368405.0,Asia
709,Iran,Rural Female,1986.0,10964868.0,Asia
703,Iran,Rural Female,1997.0,11350566.0,Asia
1668,Turkey,Rural Male,1990.0,11359494.0,Asia
717,Iran,Rural Male,1986.0,11384483.0,Asia
705,Iran,Rural Female,1995.0,11504259.0,Asia
704,Iran,Rural Female,1996.0,11527563.0,Asia
706,Iran,Rural Female,1994.0,11586605.0,Asia
702,Iran,Rural Female,2004.0,11605934.0,Asia
707,Iran,Rural Female,1993.0,11657224.0,Asia
1669,Turkey,Rural Male,1985.0,11661313.0,Asia
708,Iran,Rural Female,1991.0,11667359.0,Asia
710,Iran,Rural Male,2004.0,11681461.0,Asia
712,Iran,Rural Male,1996.0,11710136.0,Asia
711,Iran,Rural Male,1997.0,11761966.0,Asia
1665,Turkey,Rural Female,1990.0,11787190.0,Asia
1664,Turkey,Rural Female,2000.0,11878521.0,Asia
1667,Turkey,Rural Male,2000.0,11919132.0,Asia
713,Iran,Rural Male,1995.0,11920006.0,Asia
714,Iran,Rural Male,1994.0,12006560.0,Asia
715,Iran,Rural Male,1993.0,12087853.0,Asia
1666,Turkey,Rural Female,1985.0,12137388.0,Asia
716,Iran,Rural Male,1991.0,12333206.0,Asia
784,Japan,Rural Male,2000.0,13105073.0,Asia
785,Japan,Rural Male,1995.0,13364202.0,Asia
786,Japan,Rural Male,1990.0,13572304.0,Asia
787,Japan,Rural Male,1985.0,13704271.0,Asia
780,Japan,Rural Female,2000.0,13955481.0,Asia
781,Japan,Rural Female,1995.0,14196937.0,Asia
782,Japan,Rural Female,1990.0,14395342.0,Asia
783,Japan,Rural Female,1985.0,14455416.0,Asia
1298,Philippines,Rural Female,1990.0,15222239.0,Asia
1299,Philippines,Rural Male,1990.0,15896724.0,Asia
1395,Russian Federation,Rural Male,2003.0,18339870.0,Asia
1394,Russian Federation,Rural Male,2004.0,18360368.0,Asia
1399,Russian Federation,Rural Male,1989.0,18381201.0,Asia
1396,Russian Federation,Rural Male,2002.0,18455623.0,Asia
1397,Russian Federation,Rural Male,2002.0,18481349.0,Asia
1398,Russian Federation,Rural Male,2001.0,18625975.0,Asia
1389,Russian Federation,Rural Female,2003.0,20156227.0,Asia
1388,Russian Federation,Rural Female,2004.0,20191964.0,Asia
1390,Russian Federation,Rural Female,2002.0,20282059.0,Asia
1391,Russian Federation,Rural Female,2002.0,20301841.0,Asia
1392,Russian Federation,Rural Female,2001.0,20451957.0,Asia
1393,Russian Federation,Rural Female,1989.0,20681666.0,Asia
1658,Thailand,Rural Male,2000.0,20764700.0,Asia
1653,Thailand,Rural Female,2000.0,21018800.0,Asia
1652,Thailand,Rural Female,2002.0,21199339.0,Asia
1651,Thailand,Rural Female,2003.0,21333350.0,Asia
1657,Thailand,Rural Male,2002.0,21551454.0,Asia
1656,Thailand,Rural Male,2003.0,21694881.0,Asia
1659,Thailand,Rural Male,1990.0,22090200.0,Asia
1654,Thailand,Rural Female,1990.0,22235200.0,Asia
1655,Thailand,Rural Male,2004.0,22313513.0,Asia
1650,Thailand,Rural Female,2004.0,22563557.0,Asia
1785,Vietnam,Rural Male,1999.0,28644005.0,Asia
1784,Vietnam,Rural Female,1999.0,29602345.0,Asia
93,Bangladesh,Rural Female,1985.0,42103500.0,Asia
1217,Pakistan,Rural Female,1998.0,42410000.0,Asia
1216,Pakistan,Rural Female,1998.0,42700381.0,Asia
92,Bangladesh,Rural Female,1986.0,42894411.0,Asia
91,Bangladesh,Rural Female,1991.0,43886407.0,Asia
97,Bangladesh,Rural Male,1985.0,44028561.0,Asia
96,Bangladesh,Rural Male,1986.0,44790811.0,Asia
95,Bangladesh,Rural Male,1991.0,45113704.0,Asia
1218,Pakistan,Rural Male,1998.0,45420851.0,Asia
1219,Pakistan,Rural Male,1998.0,46190000.0,Asia
90,Bangladesh,Rural Female,2001.0,48557582.0,Asia
94,Bangladesh,Rural Male,2001.0,50887064.0,Asia
696,Indonesia,Rural Female,2000.0,59614061.0,Asia
699,Indonesia,Rural Male,2000.0,60048684.0,Asia
701,Indonesia,Rural Male,1990.0,61729913.0,Asia
698,Indonesia,Rural Female,1990.0,62146970.0,Asia
700,Indonesia,Rural Male,1995.0,62207488.0,Asia
697,Indonesia,Rural Female,1995.0,62610210.0,Asia
684,India,Rural Female,1991.0,304370062.0,Asia
695,India,Rural Male,1991.0,324321614.0,Asia
683,India,Rural Female,1996.0,330118000.0,Asia
682,India,Rural Female,1997.0,339256000.0,Asia
681,India,Rural Female,1998.0,345002000.0,Asia
680,India,Rural Female,1999.0,350798000.0,Asia
694,India,Rural Male,1996.0,352656000.0,Asia
679,India,Rural Female,2000.0,356634000.0,Asia
677,India,Rural Female,2001.0,360887965.0,Asia
693,India,Rural Male,1997.0,361631000.0,Asia
678,India,Rural Female,2001.0,362574000.0,Asia
692,India,Rural Male,1998.0,367215000.0,Asia
676,India,Rural Female,2002.0,367637000.0,Asia
691,India,Rural Male,1999.0,372638000.0,Asia
675,India,Rural Female,2003.0,372842000.0,Asia
690,India,Rural Male,2000.0,377862000.0,Asia
674,India,Rural Female,2004.0,377929000.0,Asia
310,China,Rural Female,2000.0,378829981.0,Asia
688,India,Rural Male,2001.0,381602674.0,Asia
689,India,Rural Male,2001.0,382962000.0,Asia
687,India,Rural Male,2002.0,388145000.0,Asia
686,India,Rural Male,2003.0,393357000.0,Asia
685,India,Rural Male,2004.0,398482000.0,Asia
311,China,Rural Male,2000.0,405011262.0,Asia
1434,San Marino,Rural Male,1988.0,1079.0,Europe
1425,San Marino,Rural Female,1987.0,1082.0,Europe
1424,San Marino,Rural Female,1988.0,1085.0,Europe
1433,San Marino,Rural Male,1989.0,1087.0,Europe
1435,San Marino,Rural Male,1987.0,1087.0,Europe
1423,San Marino,Rural Female,1989.0,1095.0,Europe
1422,San Marino,Rural Female,1992.0,1129.0,Europe
1432,San Marino,Rural Male,1992.0,1150.0,Europe
1421,San Marino,Rural Female,1993.0,1156.0,Europe
1431,San Marino,Rural Male,1993.0,1173.0,Europe
1430,San Marino,Rural Male,1994.0,1188.0,Europe
1420,San Marino,Rural Female,1994.0,1196.0,Europe
1429,San Marino,Rural Male,1995.0,1312.0,Europe
1419,San Marino,Rural Female,1995.0,1337.0,Europe
1428,San Marino,Rural Male,1997.0,1353.0,Europe
1418,San Marino,Rural Female,1997.0,1385.0,Europe
1426,San Marino,Rural Male,2000.0,1398.0,Europe
1427,San Marino,Rural Male,2000.0,1398.0,Europe
1416,San Marino,Rural Female,2000.0,2805.0,Europe
1417,San Marino,Rural Female,2000.0,2805.0,Europe
634,Iceland,Rural Female,2004.0,9786.0,Europe
640,Iceland,Rural Female,1999.0,9924.0,Europe
635,Iceland,Rural Female,2003.0,9942.0,Europe
641,Iceland,Rural Female,1998.0,9980.0,Europe
638,Iceland,Rural Female,2000.0,10033.0,Europe
639,Iceland,Rural Female,2000.0,10033.0,Europe
642,Iceland,Rural Female,1997.0,10039.0,Europe
636,Iceland,Rural Female,2002.0,10060.0,Europe
637,Iceland,Rural Female,2001.0,10105.0,Europe
643,Iceland,Rural Female,1996.0,10190.0,Europe
644,Iceland,Rural Female,1995.0,10359.0,Europe
645,Iceland,Rural Female,1994.0,10567.0,Europe
646,Iceland,Rural Female,1993.0,10657.0,Europe
647,Iceland,Rural Female,1991.0,10846.0,Europe
648,Iceland,Rural Female,1990.0,10973.0,Europe
649,Iceland,Rural Female,1989.0,11165.0,Europe
650,Iceland,Rural Female,1988.0,11350.0,Europe
660,Iceland,Rural Male,1999.0,11350.0,Europe
655,Iceland,Rural Male,2003.0,11373.0,Europe
661,Iceland,Rural Male,1998.0,11458.0,Europe
658,Iceland,Rural Male,2000.0,11460.0,Europe
659,Iceland,Rural Male,2000.0,11460.0,Europe
656,Iceland,Rural Male,2002.0,11489.0,Europe
651,Iceland,Rural Female,1987.0,11513.0,Europe
657,Iceland,Rural Male,2001.0,11540.0,Europe
662,Iceland,Rural Male,1997.0,11583.0,Europe
652,Iceland,Rural Female,1986.0,11692.0,Europe
663,Iceland,Rural Male,1996.0,11754.0,Europe
654,Iceland,Rural Male,2004.0,11870.0,Europe
653,Iceland,Rural Female,1985.0,11879.0,Europe
664,Iceland,Rural Male,1995.0,11994.0,Europe
665,Iceland,Rural Male,1994.0,12199.0,Europe
666,Iceland,Rural Male,1993.0,12302.0,Europe
667,Iceland,Rural Male,1991.0,12666.0,Europe
668,Iceland,Rural Male,1990.0,12873.0,Europe
669,Iceland,Rural Male,1989.0,13087.0,Europe
670,Iceland,Rural Male,1988.0,13230.0,Europe
671,Iceland,Rural Male,1987.0,13416.0,Europe
672,Iceland,Rural Male,1986.0,13605.0,Europe
673,Iceland,Rural Male,1985.0,13763.0,Europe
383,Cyprus,Rural Female,1992.0,96898.0,Europe
385,Cyprus,Rural Male,1992.0,97803.0,Europe
384,Cyprus,Rural Male,2001.0,107369.0,Europe
382,Cyprus,Rural Female,2001.0,107746.0,Europe
1068,Montenegro,Rural Female,2004.0,116455.0,Europe
1069,Montenegro,Rural Female,2003.0,116628.0,Europe
1070,Montenegro,Rural Male,2004.0,118162.0,Europe
1071,Montenegro,Rural Male,2003.0,118446.0,Europe
502,Estonia,Rural Male,2004.0,201216.0,Europe
503,Estonia,Rural Male,2003.0,202101.0,Europe
504,Estonia,Rural Male,2002.0,203052.0,Europe
505,Estonia,Rural Male,2001.0,204035.0,Europe
507,Estonia,Rural Male,2000.0,204986.0,Europe
523,Estonia,Rural Male,1985.0,209484.0,Europe
522,Estonia,Rural Male,1986.0,210638.0,Europe
521,Estonia,Rural Male,1987.0,212288.0,Europe
480,Estonia,Rural Female,2004.0,213409.0,Europe
520,Estonia,Rural Male,1988.0,213651.0,Europe
518,Estonia,Rural Male,1989.0,213992.0,Europe
481,Estonia,Rural Female,2003.0,214255.0,Europe
519,Estonia,Rural Male,1989.0,214570.0,Europe
482,Estonia,Rural Female,2002.0,215127.0,Europe
512,Estonia,Rural Male,1995.0,215612.0,Europe
517,Estonia,Rural Male,1990.0,215619.0,Europe
513,Estonia,Rural Male,1994.0,215810.0,Europe
511,Estonia,Rural Male,1996.0,215912.0,Europe
514,Estonia,Rural Male,1993.0,216006.0,Europe
483,Estonia,Rural Female,2001.0,216122.0,Europe
516,Estonia,Rural Male,1991.0,216179.0,Europe
515,Estonia,Rural Male,1992.0,216200.0,Europe
506,Estonia,Rural Male,2000.0,216336.0,Europe
510,Estonia,Rural Male,1997.0,216670.0,Europe
508,Estonia,Rural Male,1999.0,216767.0,Europe
509,Estonia,Rural Male,1998.0,217015.0,Europe
485,Estonia,Rural Female,2000.0,217221.0,Europe
486,Estonia,Rural Female,1999.0,228434.0,Europe
487,Estonia,Rural Female,1998.0,229578.0,Europe
488,Estonia,Rural Female,1997.0,230305.0,Europe
484,Estonia,Rural Female,2000.0,230505.0,Europe
489,Estonia,Rural Female,1996.0,230629.0,Europe
490,Estonia,Rural Female,1995.0,231231.0,Europe
491,Estonia,Rural Female,1994.0,231996.0,Europe
501,Estonia,Rural Female,1985.0,232194.0,Europe
500,Estonia,Rural Female,1986.0,232230.0,Europe
492,Estonia,Rural Female,1993.0,232589.0,Europe
499,Estonia,Rural Female,1987.0,232718.0,Europe
496,Estonia,Rural Female,1989.0,232841.0,Europe
498,Estonia,Rural Female,1988.0,232974.0,Europe
493,Estonia,Rural Female,1992.0,232975.0,Europe
497,Estonia,Rural Female,1989.0,232997.0,Europe
494,Estonia,Rural Female,1991.0,233162.0,Europe
495,Estonia,Rural Female,1990.0,233237.0,Europe
910,Latvia,Rural Male,2004.0,359545.0,Europe
911,Latvia,Rural Male,2003.0,361673.0,Europe
912,Latvia,Rural Male,2002.0,362971.0,Europe
918,Latvia,Rural Male,1997.0,363986.0,Europe
917,Latvia,Rural Male,1998.0,364098.0,Europe
913,Latvia,Rural Male,2001.0,364125.0,Europe
915,Latvia,Rural Male,2000.0,365149.0,Europe
914,Latvia,Rural Male,2000.0,365219.0,Europe
916,Latvia,Rural Male,1999.0,365479.0,Europe
919,Latvia,Rural Male,1996.0,366547.0,Europe
920,Latvia,Rural Male,1995.0,369183.0,Europe
926,Latvia,Rural Male,1989.0,369234.0,Europe
921,Latvia,Rural Male,1994.0,372244.0,Europe
922,Latvia,Rural Male,1993.0,379758.0,Europe
931,Latvia,Rural Male,1985.0,380853.0,Europe
930,Latvia,Rural Male,1986.0,382145.0,Europe
888,Latvia,Rural Female,2004.0,382868.0,Europe
929,Latvia,Rural Male,1987.0,384989.0,Europe
889,Latvia,Rural Female,2003.0,386704.0,Europe
923,Latvia,Rural Male,1992.0,386851.0,Europe
928,Latvia,Rural Male,1988.0,387921.0,Europe
924,Latvia,Rural Male,1991.0,388030.0,Europe
927,Latvia,Rural Male,1989.0,388040.0,Europe
925,Latvia,Rural Male,1990.0,388697.0,Europe
890,Latvia,Rural Female,2002.0,389433.0,Europe
891,Latvia,Rural Female,2001.0,391614.0,Europe
893,Latvia,Rural Female,2000.0,393677.0,Europe
892,Latvia,Rural Female,2000.0,394020.0,Europe
894,Latvia,Rural Female,1999.0,394668.0,Europe
895,Latvia,Rural Female,1998.0,396430.0,Europe
978,Macedonia,Rural Female,1997.0,398132.0,Europe
896,Latvia,Rural Female,1997.0,400122.0,Europe
897,Latvia,Rural Female,1996.0,403700.0,Europe
898,Latvia,Rural Female,1995.0,407158.0,Europe
904,Latvia,Rural Female,1989.0,408807.0,Europe
979,Macedonia,Rural Male,1997.0,409295.0,Europe
899,Latvia,Rural Female,1994.0,411084.0,Europe
900,Latvia,Rural Female,1993.0,419523.0,Europe
901,Latvia,Rural Female,1992.0,426753.0,Europe
902,Latvia,Rural Female,1991.0,427661.0,Europe
908,Latvia,Rural Female,1986.0,428883.0,Europe
909,Latvia,Rural Female,1985.0,428969.0,Europe
907,Latvia,Rural Female,1987.0,428999.0,Europe
903,Latvia,Rural Female,1990.0,429437.0,Europe
905,Latvia,Rural Female,1989.0,429838.0,Europe
906,Latvia,Rural Female,1988.0,430224.0,Europe
1517,Slovenia,Rural Male,1991.0,478939.0,Europe
1513,Slovenia,Rural Male,2002.0,479220.0,Europe
1514,Slovenia,Rural Male,2002.0,480954.0,Europe
1512,Slovenia,Rural Male,2003.0,483434.0,Europe
1511,Slovenia,Rural Male,2004.0,485699.0,Europe
1506,Slovenia,Rural Female,2002.0,487044.0,Europe
1516,Slovenia,Rural Male,1993.0,487153.0,Europe
1515,Slovenia,Rural Male,1994.0,488562.0,Europe
1507,Slovenia,Rural Female,2002.0,493302.0,Europe
1510,Slovenia,Rural Female,1991.0,493998.0,Europe
1505,Slovenia,Rural Female,2003.0,495264.0,Europe
1210,Norway,Rural Female,2001.0,495497.0,Europe
1504,Slovenia,Rural Female,2004.0,497225.0,Europe
1509,Slovenia,Rural Female,1993.0,501048.0,Europe
1508,Slovenia,Rural Female,1994.0,502372.0,Europe
44,Armenia,Rural Male,2001.0,508243.0,Europe
1212,Norway,Rural Male,2001.0,522925.0,Europe
38,Armenia,Rural Female,1989.0,526443.0,Europe
45,Armenia,Rural Male,1989.0,531694.0,Europe
47,Armenia,Rural Male,1988.0,541700.0,Europe
39,Armenia,Rural Female,1989.0,541800.0,Europe
46,Armenia,Rural Male,1989.0,541900.0,Europe
40,Armenia,Rural Female,1988.0,545400.0,Europe
37,Armenia,Rural Female,2001.0,548837.0,Europe
957,Lithuania,Rural Male,2003.0,554888.0,Europe
958,Lithuania,Rural Male,2002.0,554979.0,Europe
956,Lithuania,Rural Male,2004.0,555024.0,Europe
960,Lithuania,Rural Male,2001.0,556803.0,Europe
959,Lithuania,Rural Male,2001.0,557162.0,Europe
961,Lithuania,Rural Male,2000.0,557671.0,Europe
962,Lithuania,Rural Male,1999.0,558303.0,Europe
964,Lithuania,Rural Male,1997.0,558389.0,Europe
963,Lithuania,Rural Male,1998.0,559480.0,Europe
965,Lithuania,Rural Male,1996.0,561611.0,Europe
970,Lithuania,Rural Male,1991.0,561783.0,Europe
971,Lithuania,Rural Male,1990.0,562674.0,Europe
969,Lithuania,Rural Male,1992.0,563317.0,Europe
973,Lithuania,Rural Male,1989.0,565272.0,Europe
968,Lithuania,Rural Male,1993.0,565684.0,Europe
967,Lithuania,Rural Male,1994.0,566396.0,Europe
966,Lithuania,Rural Male,1995.0,566565.0,Europe
972,Lithuania,Rural Male,1989.0,567332.0,Europe
43,Armenia,Rural Male,2002.0,568199.0,Europe
974,Lithuania,Rural Male,1988.0,568350.0,Europe
1211,Norway,Rural Female,1990.0,568725.0,Europe
42,Armenia,Rural Male,2003.0,569812.0,Europe
975,Lithuania,Rural Male,1987.0,571585.0,Europe
41,Armenia,Rural Male,2004.0,571985.0,Europe
976,Lithuania,Rural Male,1986.0,576207.0,Europe
36,Armenia,Rural Female,2002.0,579481.0,Europe
35,Armenia,Rural Female,2003.0,579503.0,Europe
34,Armenia,Rural Female,2004.0,580061.0,Europe
977,Lithuania,Rural Male,1985.0,580973.0,Europe
934,Lithuania,Rural Female,2004.0,591168.0,Europe
935,Lithuania,Rural Female,2003.0,591991.0,Europe
936,Lithuania,Rural Female,2002.0,592378.0,Europe
938,Lithuania,Rural Female,2001.0,594305.0,Europe
937,Lithuania,Rural Female,2001.0,594712.0,Europe
939,Lithuania,Rural Female,2000.0,596226.0,Europe
1213,Norway,Rural Male,1990.0,597622.0,Europe
940,Lithuania,Rural Female,1999.0,598789.0,Europe
941,Lithuania,Rural Female,1998.0,601998.0,Europe
942,Lithuania,Rural Female,1997.0,603170.0,Europe
943,Lithuania,Rural Female,1996.0,609225.0,Europe
948,Lithuania,Rural Female,1991.0,613252.0,Europe
949,Lithuania,Rural Female,1990.0,614835.0,Europe
947,Lithuania,Rural Female,1992.0,615873.0,Europe
944,Lithuania,Rural Female,1995.0,617005.0,Europe
945,Lithuania,Rural Female,1994.0,618461.0,Europe
946,Lithuania,Rural Female,1993.0,618514.0,Europe
951,Lithuania,Rural Female,1989.0,618623.0,Europe
950,Lithuania,Rural Female,1989.0,620638.0,Europe
952,Lithuania,Rural Female,1988.0,623209.0,Europe
953,Lithuania,Rural Female,1987.0,629493.0,Europe
954,Lithuania,Rural Female,1986.0,636701.0,Europe
955,Lithuania,Rural Female,1985.0,643581.0,Europe
1554,Sweden,Rural Female,1990.0,674745.0,Europe
726,Ireland,Rural Female,1991.0,733712.0,Europe
727,Ireland,Rural Female,1991.0,733712.0,Europe
724,Ireland,Rural Female,1996.0,736643.0,Europe
725,Ireland,Rural Female,1996.0,736643.0,Europe
728,Ireland,Rural Female,1986.0,743178.0,Europe
729,Ireland,Rural Female,1986.0,743178.0,Europe
1555,Sweden,Rural Male,1990.0,747839.0,Europe
723,Ireland,Rural Female,2002.0,770264.0,Europe
722,Ireland,Rural Female,2002.0,770300.0,Europe
734,Ireland,Rural Male,1991.0,781307.0,Europe
735,Ireland,Rural Male,1991.0,781307.0,Europe
732,Ireland,Rural Male,1996.0,781453.0,Europe
733,Ireland,Rural Male,1996.0,781453.0,Europe
736,Ireland,Rural Male,1986.0,800687.0,Europe
737,Ireland,Rural Male,1986.0,800687.0,Europe
730,Ireland,Rural Male,2002.0,812600.0,Europe
731,Ireland,Rural Male,2002.0,812657.0,Europe
1123,Netherlands,Rural Female,1991.0,818152.0,Europe
3,Albania,Rural Female,2003.0,822053.0,Europe
1129,Netherlands,Rural Female,1985.0,823201.0,Europe
2,Albania,Rural Female,2004.0,823779.0,Europe
1122,Netherlands,Rural Female,1992.0,823983.0,Europe
4,Albania,Rural Female,2002.0,828442.0,Europe
1128,Netherlands,Rural Female,1986.0,829686.0,Europe
1577,Switzerland,Rural Female,1985.0,830342.0,Europe
1124,Netherlands,Rural Female,1990.0,831639.0,Europe
1127,Netherlands,Rural Female,1987.0,834519.0,Europe
1125,Netherlands,Rural Female,1989.0,834579.0,Europe
1599,Switzerland,Rural Male,1985.0,835229.0,Europe
1576,Switzerland,Rural Female,1986.0,837895.0,Europe
1126,Netherlands,Rural Female,1988.0,839166.0,Europe
1143,Netherlands,Rural Male,1991.0,840195.0,Europe
1598,Switzerland,Rural Male,1986.0,841884.0,Europe
1142,Netherlands,Rural Male,1992.0,845983.0,Europe
1575,Switzerland,Rural Female,1987.0,846022.0,Europe
1149,Netherlands,Rural Male,1985.0,849179.0,Europe
1597,Switzerland,Rural Male,1987.0,849400.0,Europe
1148,Netherlands,Rural Male,1986.0,854680.0,Europe
1144,Netherlands,Rural Male,1990.0,854711.0,Europe
1574,Switzerland,Rural Female,1988.0,855387.0,Europe
1145,Netherlands,Rural Male,1989.0,858133.0,Europe
1596,Switzerland,Rural Male,1988.0,858718.0,Europe
1147,Netherlands,Rural Male,1987.0,859003.0,Europe
1146,Netherlands,Rural Male,1988.0,863458.0,Europe
1573,Switzerland,Rural Female,1989.0,866417.0,Europe
1595,Switzerland,Rural Male,1989.0,870743.0,Europe
1572,Switzerland,Rural Female,1990.0,880305.0,Europe
1594,Switzerland,Rural Male,1990.0,885415.0,Europe
556,Finland,Rural Female,1996.0,895171.0,Europe
11,Albania,Rural Male,2004.0,897042.0,Europe
557,Finland,Rural Female,1995.0,903179.0,Europe
569,Finland,Rural Male,1996.0,906155.0,Europe
558,Finland,Rural Female,1994.0,906802.0,Europe
1570,Switzerland,Rural Female,1991.0,910832.0,Europe
570,Finland,Rural Male,1995.0,913131.0,Europe
1592,Switzerland,Rural Male,1991.0,913188.0,Europe
12,Albania,Rural Male,2003.0,913742.0,Europe
571,Finland,Rural Male,1994.0,915414.0,Europe
13,Albania,Rural Male,2002.0,917151.0,Europe
10,Albania,Rural Female,1985.0,925500.0,Europe
1569,Switzerland,Rural Female,1992.0,926080.0,Europe
1591,Switzerland,Rural Male,1992.0,927058.0,Europe
1568,Switzerland,Rural Female,1993.0,939249.0,Europe
1590,Switzerland,Rural Male,1993.0,939709.0,Europe
9,Albania,Rural Female,1986.0,943500.0,Europe
1589,Switzerland,Rural Male,1994.0,949216.0,Europe
1567,Switzerland,Rural Female,1994.0,950073.0,Europe
1588,Switzerland,Rural Male,1995.0,956085.0,Europe
559,Finland,Rural Female,1990.0,956917.0,Europe
1566,Switzerland,Rural Female,1995.0,957791.0,Europe
8,Albania,Rural Female,1987.0,958600.0,Europe
1587,Switzerland,Rural Male,1996.0,959988.0,Europe
572,Finland,Rural Male,1990.0,961798.0,Europe
1565,Switzerland,Rural Female,1996.0,962120.0,Europe
1586,Switzerland,Rural Male,1997.0,962351.0,Europe
365,Croatia,Rural Male,2001.0,963950.0,Europe
1585,Switzerland,Rural Male,1998.0,964742.0,Europe
1564,Switzerland,Rural Female,1997.0,965940.0,Europe
1584,Switzerland,Rural Male,1999.0,967748.0,Europe
1583,Switzerland,Rural Male,2000.0,968822.0,Europe
1563,Switzerland,Rural Female,1998.0,969171.0,Europe
1581,Switzerland,Rural Male,2001.0,971112.0,Europe
1562,Switzerland,Rural Female,1999.0,972594.0,Europe
1561,Switzerland,Rural Female,2000.0,974084.0,Europe
7,Albania,Rural Female,1988.0,974100.0,Europe
1580,Switzerland,Rural Male,2002.0,976367.0,Europe
1559,Switzerland,Rural Female,2001.0,977974.0,Europe
1579,Switzerland,Rural Male,2003.0,982215.0,Europe
549,Finland,Rural Female,2003.0,982665.0,Europe
1558,Switzerland,Rural Female,2002.0,982997.0,Europe
548,Finland,Rural Female,2004.0,984998.0,Europe
550,Finland,Rural Female,2002.0,985138.0,Europe
560,Finland,Rural Female,1985.0,985615.0,Europe
573,Finland,Rural Male,1985.0,986663.0,Europe
1578,Switzerland,Rural Male,2004.0,987915.0,Europe
6,Albania,Rural Female,1989.0,987959.0,Europe
1557,Switzerland,Rural Female,2003.0,988122.0,Europe
1556,Switzerland,Rural Female,2004.0,993178.0,Europe
562,Finland,Rural Male,2003.0,996171.0,Europe
561,Finland,Rural Male,2004.0,997739.0,Europe
563,Finland,Rural Male,2002.0,998013.0,Europe
551,Finland,Rural Female,2001.0,998265.0,Europe
552,Finland,Rural Female,2000.0,1000918.0,Europe
5,Albania,Rural Female,1990.0,1001680.0,Europe
360,Croatia,Rural Female,2001.0,1002182.0,Europe
19,Albania,Rural Male,1985.0,1002700.0,Europe
564,Finland,Rural Male,2001.0,1010461.0,Europe
565,Finland,Rural Male,2000.0,1012529.0,Europe
580,Georgia,Rural Male,2002.0,1013160.0,Europe
18,Albania,Rural Male,1986.0,1017000.0,Europe
553,Finland,Rural Female,1999.0,1021839.0,Europe
554,Finland,Rural Female,1998.0,1028111.0,Europe
566,Finland,Rural Male,1999.0,1031488.0,Europe
17,Albania,Rural Male,1987.0,1034700.0,Europe
567,Finland,Rural Male,1998.0,1036310.0,Europe
555,Finland,Rural Female,1997.0,1045811.0,Europe
16,Albania,Rural Male,1988.0,1052600.0,Europe
568,Finland,Rural Male,1997.0,1053074.0,Europe
1571,Switzerland,Rural Female,1990.0,1057339.0,Europe
1491,Slovakia,Rural Female,1990.0,1058716.0,Europe
15,Albania,Rural Male,1989.0,1064767.0,Europe
369,Croatia,Rural Male,1989.0,1070009.0,Europe
368,Croatia,Rural Male,1990.0,1072621.0,Europe
578,Georgia,Rural Female,2002.0,1073579.0,Europe
366,Croatia,Rural Male,1991.0,1074157.0,Europe
367,Croatia,Rural Male,1991.0,1074396.0,Europe
14,Albania,Rural Male,1990.0,1078209.0,Europe
1593,Switzerland,Rural Male,1990.0,1078972.0,Europe
1492,Slovakia,Rural Female,1989.0,1088586.0,Europe
1501,Slovakia,Rural Male,1991.0,1104080.0,Europe
364,Croatia,Rural Female,1989.0,1109093.0,Europe
363,Croatia,Rural Female,1990.0,1111494.0,Europe
361,Croatia,Rural Female,1991.0,1112903.0,Europe
362,Croatia,Rural Female,1991.0,1113041.0,Europe
1503,Slovakia,Rural Male,1989.0,1115499.0,Europe
1499,Slovakia,Rural Male,1992.0,1116551.0,Europe
1498,Slovakia,Rural Male,1993.0,1123269.0,Europe
1500,Slovakia,Rural Male,1991.0,1124004.0,Europe
1502,Slovakia,Rural Male,1990.0,1128897.0,Europe
1497,Slovakia,Rural Male,1994.0,1132760.0,Europe
1490,Slovakia,Rural Female,1991.0,1138493.0,Europe
1489,Slovakia,Rural Female,1991.0,1152978.0,Europe
1488,Slovakia,Rural Female,1992.0,1153128.0,Europe
215,Bulgaria,Rural Male,2004.0,1155193.0,Europe
1496,Slovakia,Rural Male,2001.0,1158877.0,Europe
581,Georgia,Rural Male,1989.0,1160997.0,Europe
1582,Switzerland,Rural Male,2000.0,1161808.0,Europe
1487,Slovakia,Rural Female,1993.0,1162529.0,Europe
1495,Slovakia,Rural Male,2002.0,1163493.0,Europe
216,Bulgaria,Rural Male,2003.0,1166593.0,Europe
1494,Slovakia,Rural Male,2003.0,1168698.0,Europe
1486,Slovakia,Rural Female,1994.0,1168759.0,Europe
1560,Switzerland,Rural Female,2000.0,1170258.0,Europe
1493,Slovakia,Rural Male,2004.0,1174294.0,Europe
217,Bulgaria,Rural Male,2002.0,1184597.0,Europe
196,Bulgaria,Rural Female,2004.0,1185432.0,Europe
197,Bulgaria,Rural Female,2003.0,1197621.0,Europe
1485,Slovakia,Rural Female,2001.0,1198472.0,Europe
219,Bulgaria,Rural Male,2001.0,1201343.0,Europe
1484,Slovakia,Rural Female,2002.0,1203579.0,Europe
1483,Slovakia,Rural Female,2003.0,1208476.0,Europe
218,Bulgaria,Rural Male,2001.0,1211153.0,Europe
1482,Slovakia,Rural Female,2004.0,1213996.0,Europe
198,Bulgaria,Rural Female,2002.0,1216526.0,Europe
200,Bulgaria,Rural Female,2001.0,1234354.0,Europe
199,Bulgaria,Rural Female,2001.0,1243214.0,Europe
579,Georgia,Rural Female,1989.0,1248492.0,Europe
399,Czech Republic,Rural Male,1991.0,1257219.0,Europe
220,Bulgaria,Rural Male,2000.0,1279161.0,Europe
392,Czech Republic,Rural Female,1991.0,1299168.0,Europe
111,Belarus,Rural Male,2004.0,1299833.0,Europe
398,Czech Republic,Rural Male,2000.0,1304893.0,Europe
176,Bosnia and Herzegovina,Rural Female,1991.0,1307988.0,Europe
201,Bulgaria,Rural Female,2000.0,1313795.0,Europe
397,Czech Republic,Rural Male,2001.0,1323835.0,Europe
395,Czech Republic,Rural Male,2002.0,1324026.0,Europe
396,Czech Republic,Rural Male,2001.0,1324296.0,Europe
58,Austria,Rural Male,2001.0,1324361.0,Europe
391,Czech Republic,Rural Female,2000.0,1326195.0,Europe
112,Belarus,Rural Male,2003.0,1326428.0,Europe
221,Bulgaria,Rural Male,1997.0,1326807.0,Europe
394,Czech Republic,Rural Male,2003.0,1327384.0,Europe
393,Czech Republic,Rural Male,2004.0,1334127.0,Europe
222,Bulgaria,Rural Male,1995.0,1336437.0,Europe
177,Bosnia and Herzegovina,Rural Male,1991.0,1338224.0,Europe
56,Austria,Rural Female,2001.0,1339872.0,Europe
387,Czech Republic,Rural Female,2003.0,1340485.0,Europe
388,Czech Republic,Rural Female,2002.0,1340594.0,Europe
390,Czech Republic,Rural Female,2001.0,1340625.0,Europe
389,Czech Republic,Rural Female,2001.0,1341564.0,Europe
386,Czech Republic,Rural Female,2004.0,1346098.0,Europe
223,Bulgaria,Rural Male,1994.0,1347995.0,Europe
113,Belarus,Rural Male,2002.0,1352189.0,Europe
202,Bulgaria,Rural Female,1997.0,1361362.0,Europe
224,Bulgaria,Rural Male,1993.0,1366177.0,Europe
203,Bulgaria,Rural Female,1995.0,1367497.0,Europe
59,Austria,Rural Male,1991.0,1367987.0,Europe
204,Bulgaria,Rural Female,1994.0,1377384.0,Europe
225,Bulgaria,Rural Male,1992.0,1388270.0,Europe
205,Bulgaria,Rural Female,1993.0,1393465.0,Europe
57,Austria,Rural Female,1991.0,1395610.0,Europe
116,Belarus,Rural Male,1998.0,1408291.0,Europe
226,Bulgaria,Rural Male,1991.0,1414308.0,Europe
206,Bulgaria,Rural Female,1992.0,1414652.0,Europe
115,Belarus,Rural Male,1999.0,1429372.0,Europe
227,Bulgaria,Rural Male,1990.0,1430429.0,Europe
117,Belarus,Rural Male,1997.0,1436446.0,Europe
114,Belarus,Rural Male,1999.0,1438425.0,Europe
207,Bulgaria,Rural Female,1991.0,1448255.0,Europe
228,Bulgaria,Rural Male,1989.0,1454258.0,Europe
118,Belarus,Rural Male,1996.0,1460529.0,Europe
208,Bulgaria,Rural Female,1990.0,1463265.0,Europe
98,Belarus,Rural Female,2004.0,1474050.0,Europe
119,Belarus,Rural Male,1995.0,1479452.0,Europe
229,Bulgaria,Rural Male,1988.0,1482362.0,Europe
209,Bulgaria,Rural Female,1989.0,1484125.0,Europe
120,Belarus,Rural Male,1994.0,1501378.0,Europe
99,Belarus,Rural Female,2003.0,1506448.0,Europe
210,Bulgaria,Rural Female,1988.0,1508189.0,Europe
230,Bulgaria,Rural Male,1987.0,1514637.0,Europe
233,Bulgaria,Rural Male,1985.0,1527460.0,Europe
211,Bulgaria,Rural Female,1987.0,1535477.0,Europe
100,Belarus,Rural Female,2002.0,1537856.0,Europe
231,Bulgaria,Rural Male,1986.0,1543974.0,Europe
121,Belarus,Rural Male,1993.0,1554200.0,Europe
85,Azerbaijan,Rural Male,1989.0,1555882.0,Europe
122,Belarus,Rural Male,1992.0,1562500.0,Europe
214,Bulgaria,Rural Female,1985.0,1563124.0,Europe
232,Bulgaria,Rural Male,1985.0,1567667.0,Europe
212,Bulgaria,Rural Female,1986.0,1574362.0,Europe
213,Bulgaria,Rural Female,1985.0,1584391.0,Europe
1462,Serbia,Rural Male,2004.0,1598884.0,Europe
1463,Serbia,Rural Male,2003.0,1611366.0,Europe
123,Belarus,Rural Male,1989.0,1612253.0,Europe
1442,Serbia,Rural Female,2004.0,1614729.0,Europe
1464,Serbia,Rural Male,2002.0,1620003.0,Europe
1443,Serbia,Rural Female,2003.0,1629245.0,Europe
102,Belarus,Rural Female,1999.0,1634210.0,Europe
1465,Serbia,Rural Male,2001.0,1635685.0,Europe
1444,Serbia,Rural Female,2002.0,1639022.0,Europe
103,Belarus,Rural Female,1998.0,1642208.0,Europe
1466,Serbia,Rural Male,2000.0,1642929.0,Europe
101,Belarus,Rural Female,1999.0,1645296.0,Europe
1467,Serbia,Rural Male,1999.0,1655406.0,Europe
72,Azerbaijan,Rural Female,1989.0,1659411.0,Europe
1445,Serbia,Rural Female,2001.0,1661441.0,Europe
1446,Serbia,Rural Female,2000.0,1667110.0,Europe
1468,Serbia,Rural Male,1998.0,1669281.0,Europe
104,Belarus,Rural Female,1997.0,1677289.0,Europe
1447,Serbia,Rural Female,1999.0,1680095.0,Europe
1469,Serbia,Rural Male,1997.0,1684916.0,Europe
1448,Serbia,Rural Female,1998.0,1692425.0,Europe
1470,Serbia,Rural Male,1996.0,1698525.0,Europe
1449,Serbia,Rural Female,1997.0,1704612.0,Europe
1471,Serbia,Rural Male,1995.0,1707473.0,Europe
105,Belarus,Rural Female,1996.0,1709011.0,Europe
1472,Serbia,Rural Male,1994.0,1713970.0,Europe
1450,Serbia,Rural Female,1996.0,1716793.0,Europe
612,Hungary,Rural Male,2004.0,1720033.0,Europe
1473,Serbia,Rural Male,1993.0,1720442.0,Europe
614,Hungary,Rural Male,2002.0,1726255.0,Europe
1451,Serbia,Rural Female,1995.0,1726800.0,Europe
1474,Serbia,Rural Male,1992.0,1727612.0,Europe
613,Hungary,Rural Male,2003.0,1731693.0,Europe
1452,Serbia,Rural Female,1994.0,1733488.0,Europe
106,Belarus,Rural Female,1995.0,1735172.0,Europe
1475,Serbia,Rural Male,1991.0,1735989.0,Europe
1453,Serbia,Rural Female,1993.0,1739117.0,Europe
1454,Serbia,Rural Female,1992.0,1744733.0,Europe
108,Belarus,Rural Female,1993.0,1752600.0,Europe
107,Belarus,Rural Female,1994.0,1758156.0,Europe
615,Hungary,Rural Male,2001.0,1758793.0,Europe
84,Azerbaijan,Rural Male,1994.0,1759500.0,Europe
109,Belarus,Rural Female,1992.0,1761900.0,Europe
616,Hungary,Rural Male,2001.0,1770539.0,Europe
1455,Serbia,Rural Female,1991.0,1776736.0,Europe
617,Hungary,Rural Male,2000.0,1790082.0,Europe
618,Hungary,Rural Male,1999.0,1801015.0,Europe
83,Azerbaijan,Rural Male,1995.0,1801100.0,Europe
619,Hungary,Rural Male,1998.0,1801587.0,Europe
590,Hungary,Rural Female,2004.0,1815190.0,Europe
592,Hungary,Rural Female,2002.0,1825194.0,Europe
591,Hungary,Rural Female,2003.0,1829321.0,Europe
82,Azerbaijan,Rural Male,1996.0,1835100.0,Europe
620,Hungary,Rural Male,1997.0,1836522.0,Europe
623,Hungary,Rural Male,1994.0,1840313.0,Europe
71,Azerbaijan,Rural Female,1994.0,1846300.0,Europe
624,Hungary,Rural Male,1993.0,1848303.0,Europe
621,Hungary,Rural Male,1996.0,1854900.0,Europe
81,Azerbaijan,Rural Male,1997.0,1857800.0,Europe
70,Azerbaijan,Rural Female,1995.0,1863700.0,Europe
593,Hungary,Rural Female,2001.0,1866642.0,Europe
622,Hungary,Rural Male,1995.0,1868555.0,Europe
595,Hungary,Rural Female,2000.0,1869865.0,Europe
594,Hungary,Rural Female,2001.0,1872949.0,Europe
625,Hungary,Rural Male,1992.0,1878925.0,Europe
597,Hungary,Rural Female,1998.0,1880286.0,Europe
596,Hungary,Rural Female,1999.0,1880866.0,Europe
69,Azerbaijan,Rural Female,1996.0,1881700.0,Europe
80,Azerbaijan,Rural Male,1998.0,1888600.0,Europe
110,Belarus,Rural Female,1989.0,1898176.0,Europe
626,Hungary,Rural Male,1991.0,1908146.0,Europe
68,Azerbaijan,Rural Female,1997.0,1910300.0,Europe
629,Hungary,Rural Male,1989.0,1911790.0,Europe
1456,Serbia,Rural Female,1990.0,1912264.0,Europe
78,Azerbaijan,Rural Male,1999.0,1913133.0,Europe
598,Hungary,Rural Female,1997.0,1916138.0,Europe
79,Azerbaijan,Rural Male,1999.0,1918300.0,Europe
601,Hungary,Rural Female,1994.0,1925952.0,Europe
628,Hungary,Rural Male,1990.0,1928200.0,Europe
1476,Serbia,Rural Male,1990.0,1929970.0,Europe
627,Hungary,Rural Male,1990.0,1932010.0,Europe
599,Hungary,Rural Female,1996.0,1934891.0,Europe
602,Hungary,Rural Female,1993.0,1941094.0,Europe
77,Azerbaijan,Rural Male,2000.0,1942100.0,Europe
1477,Serbia,Rural Male,1989.0,1945054.0,Europe
1478,Serbia,Rural Male,1988.0,1946885.0,Europe
600,Hungary,Rural Female,1995.0,1948484.0,Europe
1479,Serbia,Rural Male,1987.0,1949489.0,Europe
67,Azerbaijan,Rural Female,1998.0,1951800.0,Europe
1480,Serbia,Rural Male,1986.0,1952318.0,Europe
1481,Serbia,Rural Male,1985.0,1955105.0,Europe
1458,Serbia,Rural Female,1988.0,1962713.0,Europe
1459,Serbia,Rural Female,1987.0,1963619.0,Europe
76,Azerbaijan,Rural Male,2001.0,1964800.0,Europe
1460,Serbia,Rural Female,1986.0,1965094.0,Europe
1457,Serbia,Rural Female,1989.0,1965627.0,Europe
1461,Serbia,Rural Female,1985.0,1965911.0,Europe
74,Azerbaijan,Rural Male,2003.0,1970000.0,Europe
603,Hungary,Rural Female,1992.0,1972001.0,Europe
75,Azerbaijan,Rural Male,2002.0,1985700.0,Europe
65,Azerbaijan,Rural Female,1999.0,1986721.0,Europe
66,Azerbaijan,Rural Female,1999.0,1989900.0,Europe
605,Hungary,Rural Female,1990.0,1990174.0,Europe
607,Hungary,Rural Female,1989.0,1991061.0,Europe
73,Azerbaijan,Rural Male,2004.0,1991600.0,Europe
604,Hungary,Rural Female,1991.0,2001184.0,Europe
64,Azerbaijan,Rural Female,2000.0,2009600.0,Europe
606,Hungary,Rural Female,1990.0,2021400.0,Europe
61,Azerbaijan,Rural Female,2003.0,2022100.0,Europe
63,Azerbaijan,Rural Female,2001.0,2027600.0,Europe
60,Azerbaijan,Rural Female,2004.0,2038600.0,Europe
62,Azerbaijan,Rural Female,2002.0,2044100.0,Europe
584,Greece,Rural Female,1991.0,2079915.0,Europe
630,Hungary,Rural Male,1988.0,2110664.0,Europe
631,Hungary,Rural Male,1987.0,2126837.0,Europe
585,Greece,Rural Male,1991.0,2141004.0,Europe
632,Hungary,Rural Male,1986.0,2149821.0,Europe
608,Hungary,Rural Female,1988.0,2200284.0,Europe
609,Hungary,Rural Female,1987.0,2219627.0,Europe
1346,Portugal,Rural Male,2001.0,2224082.0,Europe
610,Hungary,Rural Female,1986.0,2244135.0,Europe
633,Hungary,Rural Male,1985.0,2264936.0,Europe
1344,Portugal,Rural Female,2001.0,2350335.0,Europe
611,Hungary,Rural Female,1985.0,2362887.0,Europe
1347,Portugal,Rural Male,1991.0,2489655.0,Europe
1345,Portugal,Rural Female,1991.0,2615751.0,Europe
1110,Netherlands,Rural Female,2004.0,2783870.0,Europe
1130,Netherlands,Rural Male,2004.0,2789380.0,Europe
1111,Netherlands,Rural Female,2003.0,2809248.0,Europe
1131,Netherlands,Rural Male,2003.0,2817900.0,Europe
1112,Netherlands,Rural Female,2002.0,2823056.0,Europe
1114,Netherlands,Rural Female,2001.0,2823159.0,Europe
1113,Netherlands,Rural Female,2002.0,2824674.0,Europe
1691,United Kingdom,Rural Male,1991.0,2827984.0,Europe
1134,Netherlands,Rural Male,2001.0,2834535.0,Europe
1132,Netherlands,Rural Male,2002.0,2834545.0,Europe
1133,Netherlands,Rural Male,2002.0,2835458.0,Europe
1689,United Kingdom,Rural Female,1991.0,2870132.0,Europe
1115,Netherlands,Rural Female,2000.0,2872000.0,Europe
1135,Netherlands,Rural Male,2000.0,2882917.0,Europe
1116,Netherlands,Rural Female,1999.0,2912902.0,Europe
1136,Netherlands,Rural Male,1999.0,2924212.0,Europe
1117,Netherlands,Rural Female,1998.0,2934672.0,Europe
1137,Netherlands,Rural Male,1998.0,2946414.0,Europe
1118,Netherlands,Rural Female,1997.0,2959703.0,Europe
1138,Netherlands,Rural Male,1997.0,2972461.0,Europe
1119,Netherlands,Rural Female,1996.0,2985037.0,Europe
1139,Netherlands,Rural Male,1996.0,3000131.0,Europe
1121,Netherlands,Rural Female,1994.0,3007158.0,Europe
1120,Netherlands,Rural Female,1995.0,3008383.0,Europe
1140,Netherlands,Rural Male,1995.0,3025717.0,Europe
1141,Netherlands,Rural Male,1994.0,3026107.0,Europe
1368,Romania,Rural Male,2004.0,4867309.0,Europe
1348,Romania,Rural Female,2004.0,4910421.0,Europe
1375,Romania,Rural Male,1997.0,5033587.0,Europe
1369,Romania,Rural Male,2003.0,5039844.0,Europe
1373,Romania,Rural Male,1999.0,5040821.0,Europe
1374,Romania,Rural Male,1998.0,5040976.0,Europe
1371,Romania,Rural Male,2001.0,5045953.0,Europe
1372,Romania,Rural Male,2000.0,5061006.0,Europe
1370,Romania,Rural Male,2002.0,5063496.0,Europe
1376,Romania,Rural Male,1996.0,5064219.0,Europe
1377,Romania,Rural Male,1995.0,5076405.0,Europe
1349,Romania,Rural Female,2003.0,5093555.0,Europe
1355,Romania,Rural Female,1997.0,5107648.0,Europe
1354,Romania,Rural Female,1998.0,5113941.0,Europe
1353,Romania,Rural Female,1999.0,5114472.0,Europe
1351,Romania,Rural Female,2001.0,5118692.0,Europe
1378,Romania,Rural Male,1994.0,5119742.0,Europe
1350,Romania,Rural Female,2002.0,5122562.0,Europe
1352,Romania,Rural Female,2000.0,5129601.0,Europe
1356,Romania,Rural Female,1996.0,5132227.0,Europe
1379,Romania,Rural Male,1993.0,5144060.0,Europe
1357,Romania,Rural Female,1995.0,5147351.0,Europe
1380,Romania,Rural Male,1992.0,5165978.0,Europe
1381,Romania,Rural Male,1992.0,5181836.0,Europe
1358,Romania,Rural Female,1994.0,5183268.0,Europe
1359,Romania,Rural Female,1993.0,5204996.0,Europe
1361,Romania,Rural Female,1992.0,5239775.0,Europe
1360,Romania,Rural Female,1992.0,5252238.0,Europe
1383,Romania,Rural Male,1990.0,5264360.0,Europe
1382,Romania,Rural Male,1991.0,5288980.0,Europe
1363,Romania,Rural Female,1990.0,5333516.0,Europe
1362,Romania,Rural Female,1991.0,5343697.0,Europe
1384,Romania,Rural Male,1989.0,5375472.0,Europe
1364,Romania,Rural Female,1989.0,5464289.0,Europe
1385,Romania,Rural Male,1988.0,5488985.0,Europe
1386,Romania,Rural Male,1987.0,5522105.0,Europe
1387,Romania,Rural Male,1986.0,5578142.0,Europe
1365,Romania,Rural Female,1988.0,5602720.0,Europe
1366,Romania,Rural Female,1987.0,5647398.0,Europe
1367,Romania,Rural Female,1986.0,5704843.0,Europe
1690,United Kingdom,Rural Male,2001.0,5810263.0,Europe
1688,United Kingdom,Rural Female,2001.0,5971504.0,Europe
1541,Spain,Rural Male,1991.0,6796906.0,Europe
1540,Spain,Rural Female,1991.0,6805003.0,Europe
1336,Poland,Rural Male,1991.0,7240000.0,Europe
1327,Poland,Rural Male,2000.0,7257368.0,Europe
1337,Poland,Rural Male,1990.0,7270000.0,Europe
1326,Poland,Rural Male,2001.0,7271164.0,Europe
1314,Poland,Rural Female,1991.0,7272000.0,Europe
1335,Poland,Rural Male,1992.0,7274000.0,Europe
1324,Poland,Rural Male,2002.0,7282238.0,Europe
1325,Poland,Rural Male,2002.0,7284443.0,Europe
1328,Poland,Rural Male,1999.0,7285000.0,Europe
1329,Poland,Rural Male,1998.0,7287000.0,Europe
1683,Ukraine,Rural Male,2003.0,7287570.0,Europe
1313,Poland,Rural Female,1992.0,7291000.0,Europe
1330,Poland,Rural Male,1997.0,7293000.0,Europe
1315,Poland,Rural Female,1990.0,7295000.0,Europe
1311,Poland,Rural Female,1994.0,7297000.0,Europe
1333,Poland,Rural Male,1994.0,7297000.0,Europe
1323,Poland,Rural Male,2003.0,7297681.0,Europe
1331,Poland,Rural Male,1996.0,7300000.0,Europe
1332,Poland,Rural Male,1995.0,7300000.0,Europe
1310,Poland,Rural Female,1995.0,7301000.0,Europe
1308,Poland,Rural Female,1997.0,7306000.0,Europe
1309,Poland,Rural Female,1996.0,7306000.0,Europe
1307,Poland,Rural Female,1998.0,7307000.0,Europe
1312,Poland,Rural Female,1993.0,7307000.0,Europe
1305,Poland,Rural Female,2000.0,7307357.0,Europe
1334,Poland,Rural Male,1993.0,7308000.0,Europe
1322,Poland,Rural Male,2004.0,7315561.0,Europe
1338,Poland,Rural Male,1989.0,7316000.0,Europe
1306,Poland,Rural Female,1999.0,7317000.0,Europe
1304,Poland,Rural Female,2001.0,7323020.0,Europe
1316,Poland,Rural Female,1989.0,7335000.0,Europe
1340,Poland,Rural Male,1988.0,7335260.0,Europe
1302,Poland,Rural Female,2002.0,7337477.0,Europe
1303,Poland,Rural Female,2002.0,7339926.0,Europe
1339,Poland,Rural Male,1988.0,7343984.0,Europe
1318,Poland,Rural Female,1988.0,7350792.0,Europe
574,France,Rural Female,1990.0,7351709.0,Europe
1301,Poland,Rural Female,2003.0,7354171.0,Europe
575,France,Rural Male,1990.0,7359357.0,Europe
1317,Poland,Rural Female,1988.0,7359931.0,Europe
1684,Ukraine,Rural Male,2002.0,7371211.0,Europe
1300,Poland,Rural Female,2004.0,7374486.0,Europe
1341,Poland,Rural Male,1987.0,7384007.0,Europe
1319,Poland,Rural Female,1987.0,7400365.0,Europe
1343,Poland,Rural Male,1985.0,7401912.0,Europe
1685,Ukraine,Rural Male,2001.0,7412725.0,Europe
1342,Poland,Rural Male,1986.0,7415478.0,Europe
1321,Poland,Rural Female,1985.0,7426115.0,Europe
1686,Ukraine,Rural Male,2001.0,7430828.0,Europe
1320,Poland,Rural Female,1986.0,7431374.0,Europe
1687,Ukraine,Rural Male,2000.0,7470772.0,Europe
1678,Ukraine,Rural Female,2003.0,8363227.0,Europe
1679,Ukraine,Rural Female,2002.0,8479072.0,Europe
1680,Ukraine,Rural Female,2001.0,8537448.0,Europe
1681,Ukraine,Rural Female,2001.0,8572499.0,Europe
1682,Ukraine,Rural Female,2000.0,8649629.0,Europe
86,Bahamas,Rural Female,1990.0,20584.0,North America
87,Bahamas,Rural Male,1990.0,21417.0,North America
1415,Saint Lucia,Rural Male,1991.0,46313.0,North America
1408,Saint Lucia,Rural Female,1991.0,47570.0,North America
138,Belize,Rural Female,1991.0,47860.0,North America
140,Belize,Rural Female,1990.0,48188.0,North America
1414,Saint Lucia,Rural Male,1994.0,48827.0,North America
139,Belize,Rural Female,1991.0,49743.0,North America
1413,Saint Lucia,Rural Male,1995.0,49812.0,North America
1412,Saint Lucia,Rural Male,1996.0,50541.0,North America
137,Belize,Rural Female,1992.0,50779.0,North America
1411,Saint Lucia,Rural Male,1997.0,51494.0,North America
136,Belize,Rural Female,1993.0,51521.0,North America
1407,Saint Lucia,Rural Female,1994.0,51669.0,North America
133,Belize,Rural Female,1996.0,51800.0,North America
152,Belize,Rural Male,1994.0,52000.0,North America
135,Belize,Rural Female,1994.0,52025.0,North America
155,Belize,Rural Male,1991.0,52153.0,North America
1410,Saint Lucia,Rural Male,1998.0,52344.0,North America
1406,Saint Lucia,Rural Female,1995.0,52619.0,North America
157,Belize,Rural Male,1990.0,52784.0,North America
1405,Saint Lucia,Rural Female,1996.0,53035.0,North America
151,Belize,Rural Male,1995.0,53245.0,North America
134,Belize,Rural Female,1995.0,53375.0,North America
156,Belize,Rural Male,1991.0,53883.0,North America
1404,Saint Lucia,Rural Female,1997.0,53916.0,North America
1403,Saint Lucia,Rural Female,1998.0,54676.0,North America
132,Belize,Rural Female,1997.0,54875.0,North America
154,Belize,Rural Male,1992.0,55533.0,North America
1409,Saint Lucia,Rural Male,2001.0,56030.0,North America
153,Belize,Rural Male,1993.0,56049.0,North America
150,Belize,Rural Male,1996.0,56560.0,North America
131,Belize,Rural Female,1998.0,56985.0,North America
1402,Saint Lucia,Rural Female,2001.0,57818.0,North America
149,Belize,Rural Male,1997.0,59150.0,North America
130,Belize,Rural Female,1999.0,60560.0,North America
128,Belize,Rural Female,2000.0,60950.0,North America
148,Belize,Rural Male,1998.0,61405.0,North America
129,Belize,Rural Female,2000.0,62250.0,North America
127,Belize,Rural Female,2001.0,63750.0,North America
147,Belize,Rural Male,1999.0,64370.0,North America
145,Belize,Rural Male,2000.0,64713.0,North America
126,Belize,Rural Female,2002.0,65200.0,North America
146,Belize,Rural Male,2000.0,66095.0,North America
125,Belize,Rural Female,2003.0,66800.0,North America
144,Belize,Rural Male,2001.0,67730.0,North America
124,Belize,Rural Female,2004.0,68400.0,North America
143,Belize,Rural Male,2002.0,69500.0,North America
142,Belize,Rural Male,2003.0,71300.0,North America
141,Belize,Rural Male,2004.0,73200.0,North America
1236,Panama,Rural Female,1985.0,498064.0,North America
1235,Panama,Rural Female,1986.0,505344.0,North America
1230,Panama,Rural Female,1990.0,506009.0,North America
1234,Panama,Rural Female,1987.0,512410.0,North America
1233,Panama,Rural Female,1988.0,519342.0,North America
1231,Panama,Rural Female,1990.0,521074.0,North America
1232,Panama,Rural Female,1989.0,526238.0,North America
1229,Panama,Rural Female,1991.0,529153.0,North America
1228,Panama,Rural Female,1992.0,536310.0,North America
1227,Panama,Rural Female,1993.0,543911.0,North America
1226,Panama,Rural Female,1994.0,551963.0,North America
1225,Panama,Rural Female,1995.0,560477.0,North America
1253,Panama,Rural Male,1985.0,565679.0,North America
1224,Panama,Rural Female,1996.0,566224.0,North America
1247,Panama,Rural Male,1990.0,571765.0,North America
1223,Panama,Rural Female,1997.0,572343.0,North America
1252,Panama,Rural Male,1986.0,574073.0,North America
771,Jamaica,Rural Female,1991.0,575010.0,North America
1222,Panama,Rural Female,1998.0,578845.0,North America
1251,Panama,Rural Male,1987.0,582199.0,North America
1221,Panama,Rural Female,1999.0,585729.0,North America
1248,Panama,Rural Male,1990.0,589182.0,North America
1250,Panama,Rural Male,1988.0,590184.0,North America
779,Jamaica,Rural Male,1991.0,591278.0,North America
1220,Panama,Rural Female,2000.0,593007.0,North America
1246,Panama,Rural Male,1991.0,594902.0,North America
1249,Panama,Rural Male,1989.0,598167.0,North America
1245,Panama,Rural Male,1992.0,602021.0,North America
770,Jamaica,Rural Female,1999.0,607734.0,North America
1244,Panama,Rural Male,1993.0,609559.0,North America
769,Jamaica,Rural Female,2000.0,611088.0,North America
768,Jamaica,Rural Female,2001.0,614493.0,North America
767,Jamaica,Rural Female,2001.0,616219.0,North America
766,Jamaica,Rural Female,2002.0,617164.0,North America
1243,Panama,Rural Male,1994.0,617520.0,North America
765,Jamaica,Rural Female,2003.0,619765.0,North America
764,Jamaica,Rural Female,2004.0,622816.0,North America
338,Costa Rica,Rural Female,1985.0,624226.0,North America
337,Costa Rica,Rural Female,1986.0,624828.0,North America
1242,Panama,Rural Male,1995.0,625914.0,North America
1241,Panama,Rural Male,1996.0,631601.0,North America
777,Jamaica,Rural Male,2000.0,632424.0,North America
776,Jamaica,Rural Male,2001.0,636403.0,North America
1240,Panama,Rural Male,1997.0,637640.0,North America
775,Jamaica,Rural Male,2001.0,638171.0,North America
774,Jamaica,Rural Male,2002.0,639600.0,North America
773,Jamaica,Rural Male,2003.0,642598.0,North America
1239,Panama,Rural Male,1998.0,644025.0,North America
359,Costa Rica,Rural Male,1985.0,644032.0,North America
772,Jamaica,Rural Male,2004.0,645982.0,North America
1238,Panama,Rural Male,1999.0,650771.0,North America
1237,Panama,Rural Male,2000.0,657873.0,North America
358,Costa Rica,Rural Male,1986.0,659679.0,North America
1170,Nicaragua,Rural Female,1985.0,669672.0,North America
1169,Nicaragua,Rural Female,1986.0,679941.0,North America
1168,Nicaragua,Rural Female,1987.0,694737.0,North America
778,Jamaica,Rural Male,1999.0,700347.0,North America
1167,Nicaragua,Rural Female,1988.0,707171.0,North America
336,Costa Rica,Rural Female,1987.0,709823.0,North America
1166,Nicaragua,Rural Female,1989.0,720557.0,North America
335,Costa Rica,Rural Female,1988.0,726958.0,North America
1185,Nicaragua,Rural Male,1985.0,729624.0,North America
1184,Nicaragua,Rural Male,1986.0,740506.0,North America
334,Costa Rica,Rural Female,1989.0,751682.0,North America
322,Costa Rica,Rural Female,2000.0,754399.0,North America
357,Costa Rica,Rural Male,1987.0,754503.0,North America
1183,Nicaragua,Rural Male,1987.0,757084.0,North America
356,Costa Rica,Rural Male,1988.0,763029.0,North America
333,Costa Rica,Rural Female,1990.0,763069.0,North America
323,Costa Rica,Rural Female,2000.0,770337.0,North America
1182,Nicaragua,Rural Male,1988.0,771719.0,North America
355,Costa Rica,Rural Male,1989.0,781329.0,North America
321,Costa Rica,Rural Female,2001.0,785245.0,North America
1181,Nicaragua,Rural Male,1989.0,785449.0,North America
332,Costa Rica,Rural Female,1991.0,787997.0,North America
344,Costa Rica,Rural Male,2000.0,790549.0,North America
320,Costa Rica,Rural Female,2002.0,802237.0,North America
354,Costa Rica,Rural Male,1990.0,803042.0,North America
331,Costa Rica,Rural Female,1992.0,804117.0,North America
343,Costa Rica,Rural Male,2000.0,806366.0,North America
353,Costa Rica,Rural Male,1991.0,811593.0,North America
342,Costa Rica,Rural Male,2001.0,815774.0,North America
330,Costa Rica,Rural Female,1993.0,823327.0,North America
319,Costa Rica,Rural Female,2003.0,826381.0,North America
352,Costa Rica,Rural Male,1992.0,830497.0,North America
341,Costa Rica,Rural Male,2002.0,836488.0,North America
329,Costa Rica,Rural Female,1994.0,839641.0,North America
318,Costa Rica,Rural Female,2004.0,842592.0,North America
340,Costa Rica,Rural Male,2003.0,849850.0,North America
351,Costa Rica,Rural Male,1993.0,856583.0,North America
328,Costa Rica,Rural Female,1995.0,867736.0,North America
339,Costa Rica,Rural Male,2004.0,870908.0,North America
350,Costa Rica,Rural Male,1994.0,878902.0,North America
327,Costa Rica,Rural Female,1996.0,883990.0,North America
349,Costa Rica,Rural Male,1995.0,898863.0,North America
324,Costa Rica,Rural Female,1999.0,904724.0,North America
326,Costa Rica,Rural Female,1997.0,910427.0,North America
348,Costa Rica,Rural Male,1996.0,925558.0,North America
325,Costa Rica,Rural Female,1998.0,931278.0,North America
345,Costa Rica,Rural Male,1999.0,931601.0,North America
347,Costa Rica,Rural Male,1997.0,940866.0,North America
346,Costa Rica,Rural Male,1998.0,969359.0,North America
1164,Nicaragua,Rural Female,1996.0,973840.0,North America
1163,Nicaragua,Rural Female,1997.0,993355.0,North America
1165,Nicaragua,Rural Female,1995.0,1011532.0,North America
1162,Nicaragua,Rural Female,1998.0,1013215.0,North America
1161,Nicaragua,Rural Female,1999.0,1033419.0,North America
1179,Nicaragua,Rural Male,1996.0,1039824.0,North America
1178,Nicaragua,Rural Male,1997.0,1059516.0,North America
1160,Nicaragua,Rural Female,2000.0,1072376.0,North America
1177,Nicaragua,Rural Male,1998.0,1079506.0,North America
1159,Nicaragua,Rural Female,2001.0,1079607.0,North America
1158,Nicaragua,Rural Female,2002.0,1086427.0,North America
1157,Nicaragua,Rural Female,2003.0,1093647.0,North America
1176,Nicaragua,Rural Male,1999.0,1099800.0,North America
1156,Nicaragua,Rural Female,2004.0,1100892.0,North America
1180,Nicaragua,Rural Male,1995.0,1110518.0,North America
1175,Nicaragua,Rural Male,2000.0,1177119.0,North America
1174,Nicaragua,Rural Male,2001.0,1183622.0,North America
1173,Nicaragua,Rural Male,2002.0,1190298.0,North America
1172,Nicaragua,Rural Male,2003.0,1197050.0,North America
1171,Nicaragua,Rural Male,2004.0,1202289.0,North America
455,El Salvador,Rural Female,1995.0,1217966.0,North America
454,El Salvador,Rural Female,1996.0,1231884.0,North America
471,El Salvador,Rural Male,1995.0,1234106.0,North America
453,El Salvador,Rural Female,1997.0,1246413.0,North America
470,El Salvador,Rural Male,1996.0,1250127.0,North America
587,Honduras,Rural Female,1988.0,1257440.0,North America
452,El Salvador,Rural Female,1998.0,1261276.0,North America
472,El Salvador,Rural Male,1992.0,1265589.0,North America
373,Cuba,Rural Female,2001.0,1266872.0,North America
469,El Salvador,Rural Male,1997.0,1267097.0,North America
456,El Salvador,Rural Female,1992.0,1271176.0,North America
372,Cuba,Rural Female,2002.0,1272002.0,North America
374,Cuba,Rural Female,2000.0,1274574.0,North America
451,El Salvador,Rural Female,1999.0,1276199.0,North America
371,Cuba,Rural Female,2003.0,1278560.0,North America
375,Cuba,Rural Female,1999.0,1280698.0,North America
468,El Salvador,Rural Male,1998.0,1284585.0,North America
370,Cuba,Rural Female,2004.0,1288306.0,North America
450,El Salvador,Rural Female,2000.0,1290913.0,North America
467,El Salvador,Rural Male,1999.0,1302156.0,North America
449,El Salvador,Rural Female,2001.0,1305583.0,North America
589,Honduras,Rural Male,1988.0,1316177.0,North America
466,El Salvador,Rural Male,2000.0,1319377.0,North America
448,El Salvador,Rural Female,2002.0,1320394.0,North America
447,El Salvador,Rural Female,2003.0,1335090.0,North America
465,El Salvador,Rural Male,2001.0,1336404.0,North America
446,El Salvador,Rural Female,2004.0,1349411.0,North America
464,El Salvador,Rural Male,2002.0,1353526.0,North America
463,El Salvador,Rural Male,2003.0,1370509.0,North America
462,El Salvador,Rural Male,2004.0,1387119.0,North America
379,Cuba,Rural Male,2001.0,1423440.0,North America
378,Cuba,Rural Male,2002.0,1428767.0,North America
377,Cuba,Rural Male,2003.0,1435041.0,North America
380,Cuba,Rural Male,2000.0,1437126.0,North America
376,Cuba,Rural Male,2004.0,1443643.0,North America
381,Cuba,Rural Male,1999.0,1450697.0,North America
400,Dominican Republic,Rural Female,2002.0,1498686.0,North America
461,El Salvador,Rural Female,1985.0,1602126.0,North America
401,Dominican Republic,Rural Male,2002.0,1617151.0,North America
477,El Salvador,Rural Male,1985.0,1630132.0,North America
460,El Salvador,Rural Female,1986.0,1636600.0,North America
476,El Salvador,Rural Male,1986.0,1663424.0,North America
459,El Salvador,Rural Female,1987.0,1669947.0,North America
475,El Salvador,Rural Male,1987.0,1694844.0,North America
458,El Salvador,Rural Female,1988.0,1703265.0,North America
474,El Salvador,Rural Male,1988.0,1727238.0,North America
457,El Salvador,Rural Female,1989.0,1735701.0,North America
473,El Salvador,Rural Male,1989.0,1759039.0,North America
586,Honduras,Rural Female,2003.0,1766403.0,North America
588,Honduras,Rural Male,2003.0,1833505.0,North America
257,Canada,Rural Female,1986.0,2888155.0,North America
254,Canada,Rural Female,2001.0,2987050.0,North America
261,Canada,Rural Male,1986.0,3069090.0,North America
256,Canada,Rural Female,1991.0,3110445.0,North America
258,Canada,Rural Male,2001.0,3111935.0,North America
255,Canada,Rural Female,1996.0,3117820.0,North America
259,Canada,Rural Male,1996.0,3267730.0,North America
260,Canada,Rural Male,1991.0,3279640.0,North America
1033,Mexico,Rural Female,1990.0,11589456.0,North America
1035,Mexico,Rural Male,1990.0,11700468.0,North America
1034,Mexico,Rural Male,2000.0,12274684.0,North America
1032,Mexico,Rural Female,2000.0,12448906.0,North America
1673,Tuvalu,Rural Male,2002.0,2448.0,Oceania
1672,Tuvalu,Rural Female,2002.0,2621.0,Oceania
843,Kiribati,Rural Male,2000.0,23824.0,Oceania
842,Kiribati,Rural Female,2000.0,23953.0,Oceania
1660,Tonga,Rural Female,1986.0,32383.0,Oceania
1661,Tonga,Rural Male,1986.0,33248.0,Oceania
1762,Vanuatu,Rural Female,1989.0,56835.0,Oceania
1763,Vanuatu,Rural Male,1989.0,59714.0,Oceania
544,Fiji,Rural Female,1996.0,201770.0,Oceania
546,Fiji,Rural Male,1996.0,213812.0,Oceania
545,Fiji,Rural Female,1986.0,214059.0,Oceania
547,Fiji,Rural Male,1986.0,224291.0,Oceania
1151,New Zealand,Rural Female,1991.0,245511.0,Oceania
1152,New Zealand,Rural Female,1986.0,249816.0,Oceania
1150,New Zealand,Rural Female,1996.0,252546.0,Oceania
1154,New Zealand,Rural Male,1991.0,273057.0,Oceania
1153,New Zealand,Rural Male,1996.0,274017.0,Oceania
1155,New Zealand,Rural Male,1986.0,277926.0,Oceania
51,Australia,Rural Female,1986.0,1084759.0,Oceania
49,Australia,Rural Female,2001.0,1158236.0,Oceania
55,Australia,Rural Male,1986.0,1200452.0,Oceania
48,Australia,Rural Female,2004.0,1237238.0,Oceania
53,Australia,Rural Male,2001.0,1266601.0,Oceania
52,Australia,Rural Male,2004.0,1351163.0,Oceania
50,Australia,Rural Female,2001.0,1802182.0,Oceania
54,Australia,Rural Male,2001.0,1866526.0,Oceania
1254,Papua New Guinea,Rural Female,2000.0,2185194.0,Oceania
1255,Papua New Guinea,Rural Male,2000.0,2391291.0,Oceania
1544,Suriname,Rural Female,2004.0,76686.0,South America
1545,Suriname,Rural Male,2004.0,80271.0,South America
1693,Uruguay,Rural Female,2004.0,94099.0,South America
1694,Uruguay,Rural Female,2003.0,96612.0,South America
1695,Uruguay,Rural Female,2002.0,99057.0,South America
1696,Uruguay,Rural Female,2001.0,101444.0,South America
1697,Uruguay,Rural Female,2000.0,103738.0,South America
1698,Uruguay,Rural Female,1999.0,105969.0,South America
1699,Uruguay,Rural Female,1998.0,108171.0,South America
1700,Uruguay,Rural Female,1997.0,110243.0,South America
1702,Uruguay,Rural Female,1996.0,112210.0,South America
1703,Uruguay,Rural Female,1995.0,113431.0,South America
1704,Uruguay,Rural Female,1994.0,115574.0,South America
1692,Uruguay,Rural Female,2004.0,116118.0,South America
1705,Uruguay,Rural Female,1993.0,117969.0,South America
1706,Uruguay,Rural Female,1992.0,120440.0,South America
1707,Uruguay,Rural Female,1991.0,122813.0,South America
1716,Uruguay,Rural Male,2004.0,124537.0,South America
1708,Uruguay,Rural Female,1990.0,124911.0,South America
1701,Uruguay,Rural Female,1996.0,125490.0,South America
1709,Uruguay,Rural Female,1989.0,126886.0,South America
1717,Uruguay,Rural Male,2003.0,128116.0,South America
1710,Uruguay,Rural Female,1988.0,128852.0,South America
1711,Uruguay,Rural Female,1987.0,130586.0,South America
1718,Uruguay,Rural Male,2002.0,131666.0,South America
1712,Uruguay,Rural Female,1986.0,131866.0,South America
1714,Uruguay,Rural Female,1985.0,132468.0,South America
1719,Uruguay,Rural Male,2001.0,135185.0,South America
1720,Uruguay,Rural Male,2000.0,138672.0,South America
1721,Uruguay,Rural Male,1999.0,142154.0,South America
1722,Uruguay,Rural Male,1998.0,145659.0,South America
1723,Uruguay,Rural Male,1997.0,149092.0,South America
1715,Uruguay,Rural Male,2004.0,150171.0,South America
1725,Uruguay,Rural Male,1996.0,152466.0,South America
1726,Uruguay,Rural Male,1995.0,154282.0,South America
1727,Uruguay,Rural Male,1994.0,156846.0,South America
1713,Uruguay,Rural Female,1985.0,157393.0,South America
1728,Uruguay,Rural Male,1993.0,159444.0,South America
1729,Uruguay,Rural Male,1992.0,162209.0,South America
1730,Uruguay,Rural Male,1991.0,165278.0,South America
1724,Uruguay,Rural Male,1996.0,166196.0,South America
1731,Uruguay,Rural Male,1990.0,168784.0,South America
1732,Uruguay,Rural Male,1989.0,172982.0,South America
1733,Uruguay,Rural Male,1988.0,177778.0,South America
1734,Uruguay,Rural Male,1987.0,182797.0,South America
1735,Uruguay,Rural Male,1986.0,187661.0,South America
1737,Uruguay,Rural Male,1985.0,191992.0,South America
1736,Uruguay,Rural Male,1985.0,216761.0,South America
278,Chile,Rural Female,2002.0,944938.0,South America
281,Chile,Rural Female,2000.0,960676.0,South America
280,Chile,Rural Female,2001.0,968827.0,South America
282,Chile,Rural Female,1999.0,973929.0,South America
279,Chile,Rural Female,2002.0,976974.0,South America
1257,Paraguay,Rural Female,1992.0,984395.0,South America
277,Chile,Rural Female,2003.0,985122.0,South America
283,Chile,Rural Female,1998.0,987181.0,South America
276,Chile,Rural Female,2004.0,993270.0,South America
284,Chile,Rural Female,1997.0,1000440.0,South America
292,Chile,Rural Female,1990.0,1002044.0,South America
291,Chile,Rural Female,1991.0,1007025.0,South America
290,Chile,Rural Female,1992.0,1012006.0,South America
285,Chile,Rural Female,1996.0,1013689.0,South America
288,Chile,Rural Female,1993.0,1016983.0,South America
289,Chile,Rural Female,1992.0,1019502.0,South America
287,Chile,Rural Female,1994.0,1021962.0,South America
286,Chile,Rural Female,1995.0,1026935.0,South America
1256,Paraguay,Rural Female,2002.0,1053858.0,South America
1259,Paraguay,Rural Male,1992.0,1078505.0,South America
295,Chile,Rural Male,2002.0,1081384.0,South America
298,Chile,Rural Male,2000.0,1100195.0,South America
297,Chile,Rural Male,2001.0,1108622.0,South America
299,Chile,Rural Male,1999.0,1116807.0,South America
296,Chile,Rural Male,2002.0,1117051.0,South America
294,Chile,Rural Male,2003.0,1125477.0,South America
300,Chile,Rural Male,1998.0,1133415.0,South America
293,Chile,Rural Male,2004.0,1133905.0,South America
301,Chile,Rural Male,1997.0,1150026.0,South America
302,Chile,Rural Male,1996.0,1166637.0,South America
309,Chile,Rural Male,1990.0,1177710.0,South America
308,Chile,Rural Male,1991.0,1178818.0,South America
307,Chile,Rural Male,1992.0,1179926.0,South America
1258,Paraguay,Rural Male,2002.0,1180903.0,South America
305,Chile,Rural Male,1993.0,1181034.0,South America
304,Chile,Rural Male,1994.0,1182142.0,South America
303,Chile,Rural Male,1995.0,1183250.0,South America
306,Chile,Rural Male,1992.0,1188494.0,South America
1770,Venezuela,Rural Female,1996.0,1276411.0,South America
1769,Venezuela,Rural Female,1997.0,1296130.0,South America
1768,Venezuela,Rural Female,1998.0,1315953.0,South America
1767,Venezuela,Rural Female,1999.0,1336029.0,South America
173,Bolivia,Rural Female,1992.0,1348126.0,South America
1766,Venezuela,Rural Female,2000.0,1355747.0,South America
1765,Venezuela,Rural Female,2001.0,1376649.0,South America
175,Bolivia,Rural Male,1992.0,1377820.0,South America
1764,Venezuela,Rural Female,2002.0,1399442.0,South America
1771,Venezuela,Rural Female,1995.0,1462774.0,South America
1773,Venezuela,Rural Female,1985.0,1468285.0,South America
1772,Venezuela,Rural Female,1991.0,1485826.0,South America
172,Bolivia,Rural Female,2001.0,1497868.0,South America
1780,Venezuela,Rural Male,1996.0,1515096.0,South America
1779,Venezuela,Rural Male,1997.0,1538654.0,South America
1778,Venezuela,Rural Male,1998.0,1562338.0,South America
1777,Venezuela,Rural Male,1999.0,1586321.0,South America
1776,Venezuela,Rural Male,2000.0,1609861.0,South America
174,Bolivia,Rural Male,2001.0,1629086.0,South America
1775,Venezuela,Rural Male,2001.0,1634166.0,South America
1774,Venezuela,Rural Male,2002.0,1657129.0,South America
1783,Venezuela,Rural Male,1985.0,1679147.0,South America
1781,Venezuela,Rural Male,1995.0,1725271.0,South America
1782,Venezuela,Rural Male,1991.0,1725597.0,South America
22,Argentina,Rural Female,2004.0,1770757.0,South America
23,Argentina,Rural Female,2003.0,1781306.0,South America
24,Argentina,Rural Female,2002.0,1792608.0,South America
25,Argentina,Rural Female,2001.0,1798407.0,South America
26,Argentina,Rural Female,2001.0,1804295.0,South America
27,Argentina,Rural Female,2000.0,1817243.0,South America
28,Argentina,Rural Male,2004.0,1961329.0,South America
29,Argentina,Rural Male,2003.0,1986888.0,South America
30,Argentina,Rural Male,2002.0,2013097.0,South America
31,Argentina,Rural Male,2001.0,2029773.0,South America
32,Argentina,Rural Male,2001.0,2039553.0,South America
33,Argentina,Rural Male,2000.0,2064546.0,South America
411,Ecuador,Rural Female,1990.0,2103026.0,South America
421,Ecuador,Rural Male,1990.0,2199305.0,South America
405,Ecuador,Rural Female,2001.0,2332862.0,South America
410,Ecuador,Rural Female,1997.0,2338847.0,South America
409,Ecuador,Rural Female,1998.0,2345190.0,South America
408,Ecuador,Rural Female,1999.0,2351533.0,South America
407,Ecuador,Rural Female,2000.0,2357876.0,South America
406,Ecuador,Rural Female,2001.0,2358673.0,South America
404,Ecuador,Rural Female,2002.0,2359469.0,South America
403,Ecuador,Rural Female,2003.0,2360265.0,South America
402,Ecuador,Rural Female,2004.0,2361061.0,South America
415,Ecuador,Rural Male,2001.0,2392391.0,South America
412,Ecuador,Rural Male,2004.0,2477922.0,South America
420,Ecuador,Rural Male,1997.0,2480908.0,South America
413,Ecuador,Rural Male,2003.0,2481082.0,South America
419,Ecuador,Rural Male,1998.0,2484125.0,South America
414,Ecuador,Rural Male,2002.0,2484241.0,South America
418,Ecuador,Rural Male,1999.0,2487343.0,South America
416,Ecuador,Rural Male,2001.0,2487401.0,South America
417,Ecuador,Rural Male,2000.0,2490561.0,South America
1278,Peru,Rural Female,1985.0,3074335.0,South America
1277,Peru,Rural Female,1986.0,3082647.0,South America
1276,Peru,Rural Female,1987.0,3091538.0,South America
1275,Peru,Rural Female,1988.0,3100812.0,South America
1274,Peru,Rural Female,1989.0,3110271.0,South America
1273,Peru,Rural Female,1990.0,3119721.0,South America
1272,Peru,Rural Female,1991.0,3128701.0,South America
1271,Peru,Rural Female,1992.0,3137342.0,South America
1268,Peru,Rural Female,1996.0,3181884.0,South America
1297,Peru,Rural Male,1985.0,3205037.0,South America
1296,Peru,Rural Male,1986.0,3219019.0,South America
1295,Peru,Rural Male,1987.0,3233545.0,South America
1270,Peru,Rural Female,1993.0,3239871.0,South America
1294,Peru,Rural Male,1988.0,3248410.0,South America
1293,Peru,Rural Male,1989.0,3263409.0,South America
1292,Peru,Rural Male,1990.0,3278336.0,South America
1291,Peru,Rural Male,1991.0,3292648.0,South America
1290,Peru,Rural Male,1992.0,3306482.0,South America
1269,Peru,Rural Female,1995.0,3339545.0,South America
1289,Peru,Rural Male,1993.0,3349886.0,South America
1287,Peru,Rural Male,1996.0,3372883.0,South America
1288,Peru,Rural Male,1995.0,3433469.0,South America
1267,Peru,Rural Female,1997.0,3470535.0,South America
1266,Peru,Rural Female,1998.0,3511146.0,South America
1265,Peru,Rural Female,1999.0,3552247.0,South America
1286,Peru,Rural Male,1997.0,3569593.0,South America
1264,Peru,Rural Female,2000.0,3590504.0,South America
1285,Peru,Rural Male,1998.0,3614311.0,South America
1263,Peru,Rural Female,2001.0,3625830.0,South America
1284,Peru,Rural Male,1999.0,3659809.0,South America
1262,Peru,Rural Female,2002.0,3660437.0,South America
1261,Peru,Rural Female,2003.0,3694471.0,South America
1283,Peru,Rural Male,2000.0,3701583.0,South America
1260,Peru,Rural Female,2004.0,3728090.0,South America
1282,Peru,Rural Male,2001.0,3740421.0,South America
1281,Peru,Rural Male,2002.0,3778226.0,South America
1280,Peru,Rural Male,2003.0,3815470.0,South America
1279,Peru,Rural Male,2004.0,3852304.0,South America
313,Colombia,Rural Female,1985.0,4274221.0,South America
312,Colombia,Rural Female,1993.0,4510939.0,South America
315,Colombia,Rural Male,1985.0,4850158.0,South America
314,Colombia,Rural Male,1993.0,5084831.0,South America
186,Brazil,Rural Female,2000.0,15152189.0,South America
187,Brazil,Rural Female,1996.0,16266856.0,South America
189,Brazil,Rural Male,2000.0,16693022.0,South America
188,Brazil,Rural Female,1991.0,17203619.0,South America
190,Brazil,Rural Male,1996.0,17726476.0,South America
191,Brazil,Rural Male,1991.0,18630866.0,South America
