StudentID,SubjectArea,TestName,TestAttemptCode,Score,LevelCode,MetStandard
3257412,ELA,Smarter Balanced Assessment,TS,2495,L2,N
3123786,ELA,Smarter Balanced Assessment,TS,2381,L1,N
3853714,ELA,Smarter Balanced Assessment,NB,,L0,N
6627761,ELA,Smarter Balanced Assessment,TS,2499,L2,N
7470818,ELA,Smarter Balanced Assessment,TS,2487,L2,N
7164855,ELA,Smarter Balanced Assessment,TS,2643,L3,Y
7205860,ELA,Smarter Balanced Assessment,TS,2377,L1,N
6280429,ELA,Smarter Balanced Assessment,TS,2359,L1,N
7034960,ELA,Smarter Balanced Assessment,BL,,L0,N
7676657,ELA,Smarter Balanced Assessment,TS,2332,L1,N
7676657,ELA,Smarter Balanced Assessment,NB,,L0,N
6856444,ELA,Smarter Balanced Assessment,IC,,L0,N
6353457,ELA,Smarter Balanced Assessment,RF,,L0,N
6512478,ELA,Smarter Balanced Assessment,TS,2391,L1,N
6252514,ELA,Smarter Balanced Assessment,RF,,L0,N
3159754,ELA,Smarter Balanced Assessment,TS,2501,L2,N
6306718,ELA,Smarter Balanced Assessment,TS,2478,L2,N
6083589,ELA,Smarter Balanced Assessment,TS,2521,L4,Y
3387411,ELA,Smarter Balanced Assessment,TS,2591,L4,Y
6937589,ELA,Smarter Balanced Assessment,TS,2454,L3,Y
3080731,ELA,Smarter Balanced Assessment,TS,2336,L1,N
3291781,ELA,Smarter Balanced Assessment,NB,,L0,N
6337548,ELA,Smarter Balanced Assessment,TS,2342,L1,N
7172169,ELA,Smarter Balanced Assessment,RF,,L0,N
3815730,ELA,Smarter Balanced Assessment,TS,2518,L3,Y
7716106,ELA,Smarter Balanced Assessment,TS,2421,L1,N
6237454,ELA,Smarter Balanced Assessment,TS,2388,L1,N
3193417,ELA,Smarter Balanced Assessment,TS,2317,L1,N
7460315,ELA,Smarter Balanced Assessment,TS,2417,L1,N
7585849,ELA,Smarter Balanced Assessment,TS,2461,L1,N
6751776,ELA,Smarter Balanced Assessment,TS,2388,L1,N
7077960,ELA,Smarter Balanced Assessment,TS,2640,L3,Y
3368742,ELA,Smarter Balanced Assessment,TS,2342,L1,N
7517170,ELA,Smarter Balanced Assessment,TS,2616,L3,Y
7571651,ELA,Smarter Balanced Assessment,TS,2680,L3,Y
6358530,ELA,Smarter Balanced Assessment,NB,,L0,N
7375107,ELA,Smarter Balanced Assessment,TS,2527,L2,N
6101705,ELA,Smarter Balanced Assessment,TS,2388,L1,N
3485418,ELA,Smarter Balanced Assessment,TS,2283,L1,N
6918700,ELA,Smarter Balanced Assessment,RF,,L0,N
3928418,ELA,Smarter Balanced Assessment,TS,2344,L1,N
7121959,ELA,Smarter Balanced Assessment,NB,,L0,N
6774488,ELA,Smarter Balanced Assessment,TS,2555,L3,Y
3494752,ELA,Smarter Balanced Assessment,TS,2399,L2,N
3817712,ELA,Smarter Balanced Assessment,TS,2370,L2,N
7800851,ELA,Smarter Balanced Assessment,PE,,--,-
7800851,ELA,Smarter Balanced Assessment,PE,,--,-
3988717,ELA,Smarter Balanced Assessment,TS,2418,L2,N
6861754,ELA,Smarter Balanced Assessment,IC,,L0,N
3464749,ELA,Smarter Balanced Assessment,TS,2439,L3,Y
6025559,ELA,Smarter Balanced Assessment,TS,2630,L3,Y
7088933,ELA,Smarter Balanced Assessment,NB,,L0,N
3645712,ELA,Smarter Balanced Assessment,TS,2536,L4,Y
3482715,ELA,Smarter Balanced Assessment,TS,2357,L1,N
6568583,ELA,Smarter Balanced Assessment,TS,2449,L3,Y
6430726,ELA,Smarter Balanced Assessment,TS,2370,L1,N
7653826,ELA,Smarter Balanced Assessment,TS,2648,L3,Y
6664584,ELA,Smarter Balanced Assessment,TS,2662,L3,Y
3660714,ELA,Smarter Balanced Assessment,TS,2375,L2,N
3016744,ELA,Smarter Balanced Assessment,TS,2524,L3,Y
6677765,ELA,Smarter Balanced Assessment,TS,2310,L1,N
3434742,ELA,Smarter Balanced Assessment,TS,2597,L3,Y
6079580,ELA,Smarter Balanced Assessment,TS,2535,L4,Y
3919793,ELA,Smarter Balanced Assessment,NB,,L0,N
6970489,ELA,Smarter Balanced Assessment,TS,2488,L3,Y
3284414,ELA,Smarter Balanced Assessment,TS,2432,L2,N
6905514,ELA,Smarter Balanced Assessment,TS,2411,L2,N
6191449,ELA,Smarter Balanced Assessment,TS,2499,L2,N
3645796,ELA,Smarter Balanced Assessment,NB,,L0,N
7122958,ELA,Smarter Balanced Assessment,TS,2795,L4,Y
7730847,ELA,Smarter Balanced Assessment,TS,2506,L2,N
3444742,ELA,Smarter Balanced Assessment,TS,2407,L1,N
3472719,ELA,Smarter Balanced Assessment,TS,2566,L4,Y
6979583,ELA,Smarter Balanced Assessment,TS,2569,L4,Y
7267108,ELA,Smarter Balanced Assessment,PE,,--,-
6284716,ELA,Smarter Balanced Assessment,TS,2428,L1,N
7699336,ELA,Smarter Balanced Assessment,TS,2334,L1,N
7188946,ELA,Smarter Balanced Assessment,BL,,L0,N
6913413,ELA,Smarter Balanced Assessment,TS,2380,L1,N
6855775,ELA,Smarter Balanced Assessment,TS,2472,L2,N
3093418,ELA,Smarter Balanced Assessment,TS,2553,L2,N
7617668,ELA,Smarter Balanced Assessment,TS,2393,L1,N
7674926,ELA,Smarter Balanced Assessment,TS,2578,L2,N
3501780,ELA,Smarter Balanced Assessment,TS,2537,L2,N
3327788,ELA,Smarter Balanced Assessment,NB,,L0,N
6245775,ELA,Smarter Balanced Assessment,TS,2393,L1,N
7466801,ELA,Smarter Balanced Assessment,RF,,L0,N
6104492,ELA,Smarter Balanced Assessment,BL,,L0,N
3545789,ELA,Smarter Balanced Assessment,NB,,L0,N
3223749,ELA,Smarter Balanced Assessment,TS,2698,L4,Y
7907827,ELA,Smarter Balanced Assessment,TS,2612,L3,Y
7370934,ELA,Smarter Balanced Assessment,BL,,L0,N
3330782,ELA,Smarter Balanced Assessment,TS,2503,L4,Y
7496942,ELA,Smarter Balanced Assessment,NB,,L0,N
3884741,ELA,Smarter Balanced Assessment,TS,2344,L1,N
7664336,ELA,Smarter Balanced Assessment,TS,2546,L2,N
6669728,ELA,Smarter Balanced Assessment,TS,2588,L4,Y
3281712,ELA,Smarter Balanced Assessment,TS,2404,L2,N
3893788,ELA,Smarter Balanced Assessment,TS,2529,L3,Y
7275940,ELA,Smarter Balanced Assessment,NB,,L0,N
6941517,ELA,Smarter Balanced Assessment,TS,2431,L1,N
7336259,ELA,Smarter Balanced Assessment,RF,,L0,N
7232331,ELA,Smarter Balanced Assessment,TS,2450,L1,N
7194127,ELA,Smarter Balanced Assessment,TS,2545,L2,N
7138842,ELA,Smarter Balanced Assessment,IC,,L0,N
3197746,ELA,Smarter Balanced Assessment,TS,2370,L2,N
7750932,ELA,Smarter Balanced Assessment,BL,,L0,N
6207466,ELA,Smarter Balanced Assessment,TS,2499,L3,Y
7032867,ELA,Smarter Balanced Assessment,TS,2461,L2,N
6601489,ELA,Smarter Balanced Assessment,TS,2515,L3,Y
6779704,ELA,Smarter Balanced Assessment,TS,2413,L1,N
7987104,ELA,Smarter Balanced Assessment,TS,2686,L4,Y
6287424,ELA,Smarter Balanced Assessment,TS,2496,L2,N
6744703,ELA,Smarter Balanced Assessment,TS,2394,L1,N
6801700,ELA,Smarter Balanced Assessment,TS,2769,L4,Y
6507436,ELA,Smarter Balanced Assessment,NB,,L0,N
7447964,ELA,Smarter Balanced Assessment,TS,2526,L2,N
7653113,ELA,Smarter Balanced Assessment,NB,,L0,N
3695710,ELA,Smarter Balanced Assessment,BL,,L0,N
6783494,ELA,Smarter Balanced Assessment,TS,2342,L1,N
7830811,ELA,Smarter Balanced Assessment,TS,2463,BA,Y
3058714,ELA,Smarter Balanced Assessment,TS,2330,L1,N
3365796,ELA,Smarter Balanced Assessment,TS,2313,L1,N
3365796,ELA,Smarter Balanced Assessment,NB,,L0,N
7375870,ELA,Smarter Balanced Assessment,TS,2511,L2,N
3693419,ELA,Smarter Balanced Assessment,NB,,L0,N
7342893,ELA,Smarter Balanced Assessment,TS,2642,L4,Y
7990395,ELA,Smarter Balanced Assessment,TS,2367,L1,N
6680484,ELA,Smarter Balanced Assessment,TS,2560,L4,Y
6828475,ELA,Smarter Balanced Assessment,TS,2577,L4,Y
3538417,ELA,Smarter Balanced Assessment,TS,2547,L3,Y
3796413,ELA,Smarter Balanced Assessment,TS,2320,L1,N
3219793,ELA,Smarter Balanced Assessment,TS,2323,L1,N
6844552,ELA,Smarter Balanced Assessment,TS,2503,L2,N
6382729,ELA,Smarter Balanced Assessment,TS,2350,L1,N
7365807,ELA,Smarter Balanced Assessment,NB,,L0,N
7121298,ELA,Smarter Balanced Assessment,TS,2658,L3,Y
7085069,ELA,Smarter Balanced Assessment,TS,2468,L2,N
7085069,ELA,Smarter Balanced Assessment,BL,,L0,N
6001455,ELA,Smarter Balanced Assessment,TS,2452,L2,N
6774713,ELA,Smarter Balanced Assessment,TS,2392,L1,N
6084584,ELA,Smarter Balanced Assessment,TS,2422,L2,N
6298551,ELA,Smarter Balanced Assessment,TS,2438,L1,N
3621449,ELA,Smarter Balanced Assessment,TS,2515,L2,N
7253149,ELA,Smarter Balanced Assessment,TS,2665,L3,Y
7105211,ELA,Smarter Balanced Assessment,TS,2623,L3,Y
7637972,ELA,Smarter Balanced Assessment,BL,,L0,N
6651764,ELA,Smarter Balanced Assessment,TS,2497,L2,N
3984756,ELA,Smarter Balanced Assessment,TS,2623,L4,Y
6065755,ELA,Smarter Balanced Assessment,TS,2457,L1,N
6892720,ELA,Smarter Balanced Assessment,TS,2418,L1,N
7100001,ELA,Smarter Balanced Assessment,NB,,L0,N
6180554,ELA,Smarter Balanced Assessment,TS,2427,L2,N
7433342,ELA,Smarter Balanced Assessment,TS,2529,L3,Y
7911950,ELA,Smarter Balanced Assessment,NB,,L0,N
6544537,ELA,Smarter Balanced Assessment,TS,2424,L2,N
3595449,ELA,Smarter Balanced Assessment,TS,2654,L3,Y
3894799,ELA,Smarter Balanced Assessment,TS,2435,L1,N
7627961,ELA,Smarter Balanced Assessment,TS,2744,L4,Y
6010492,ELA,Smarter Balanced Assessment,RF,,L0,N
7205601,ELA,Smarter Balanced Assessment,TS,2483,L1,N
3199746,ELA,Smarter Balanced Assessment,TS,2502,L3,Y
7715983,ELA,Smarter Balanced Assessment,NB,,L0,N
7978961,ELA,Smarter Balanced Assessment,TS,2699,L4,Y
7111837,ELA,Smarter Balanced Assessment,TS,2605,L3,Y
6604474,ELA,Smarter Balanced Assessment,TS,2391,L1,N
6243701,ELA,Smarter Balanced Assessment,TS,2374,L1,N
7274870,ELA,Smarter Balanced Assessment,TS,2626,L4,Y
3498793,ELA,Smarter Balanced Assessment,TS,2573,L3,Y
7037952,ELA,Smarter Balanced Assessment,RF,,L0,N
7479943,ELA,Smarter Balanced Assessment,NB,,L0,N
7284658,ELA,Smarter Balanced Assessment,BL,,L0,N
3563742,ELA,Smarter Balanced Assessment,TS,2465,L3,Y
7055265,ELA,Smarter Balanced Assessment,IC,,L0,N
7873352,ELA,Smarter Balanced Assessment,TS,2707,L4,Y
3692713,ELA,Smarter Balanced Assessment,TS,2397,L2,N
6881423,ELA,Smarter Balanced Assessment,TS,2566,L4,Y
7068123,ELA,Smarter Balanced Assessment,NB,,L0,N
7085122,ELA,Smarter Balanced Assessment,TS,2794,L4,Y
7212888,ELA,Smarter Balanced Assessment,NB,,L0,N
7740310,ELA,Smarter Balanced Assessment,TS,2415,L1,N
7916122,ELA,Smarter Balanced Assessment,TS,2621,L3,Y
6993400,ELA,Smarter Balanced Assessment,TS,2725,L4,Y
6321709,ELA,Smarter Balanced Assessment,TS,2597,L4,Y
6662423,ELA,Smarter Balanced Assessment,TS,2477,L3,Y
7038946,ELA,Smarter Balanced Assessment,NB,,L0,N
6811555,ELA,Smarter Balanced Assessment,TS,2495,L4,Y
6560530,ELA,Smarter Balanced Assessment,NB,,L0,N
3172418,ELA,Smarter Balanced Assessment,TS,2473,L1,N
6479729,ELA,Smarter Balanced Assessment,TS,2569,L3,Y
7776346,ELA,Smarter Balanced Assessment,TS,2629,L3,Y
6932476,ELA,Smarter Balanced Assessment,TS,2484,L3,Y
7584825,ELA,Smarter Balanced Assessment,TS,2795,L4,Y
6840444,ELA,Smarter Balanced Assessment,TS,2476,L1,N
7410801,ELA,Smarter Balanced Assessment,TS,2598,L3,Y
6364740,ELA,Smarter Balanced Assessment,TS,2417,L1,N
7017990,ELA,Smarter Balanced Assessment,NB,,L0,N
7246871,ELA,Smarter Balanced Assessment,TS,2443,L1,N
7206969,ELA,Smarter Balanced Assessment,RF,,L0,N
7391884,ELA,Smarter Balanced Assessment,NB,,L0,N
6865785,ELA,Smarter Balanced Assessment,TS,2640,L4,Y
6016486,ELA,Smarter Balanced Assessment,TS,2334,L1,N
7910156,ELA,Smarter Balanced Assessment,IC,,L0,N
7589846,ELA,Smarter Balanced Assessment,TS,2513,L2,N
7147322,ELA,Smarter Balanced Assessment,TS,2726,L4,Y
6654770,ELA,Smarter Balanced Assessment,TS,2622,L4,Y
3542411,ELA,Smarter Balanced Assessment,TS,2382,L1,N
7841126,ELA,Smarter Balanced Assessment,TS,2551,L2,N
7722980,ELA,Smarter Balanced Assessment,NB,,L0,N
6010728,ELA,Smarter Balanced Assessment,TS,2680,L4,Y
6716745,ELA,Smarter Balanced Assessment,TS,2443,L1,N
3124786,ELA,Smarter Balanced Assessment,TS,2326,L1,N
3899742,ELA,Smarter Balanced Assessment,TS,2390,L2,N
7980898,ELA,Smarter Balanced Assessment,TS,2558,L3,Y
3612788,ELA,Smarter Balanced Assessment,TS,2634,L3,Y
7946393,ELA,Smarter Balanced Assessment,NB,,L0,N
3212751,ELA,Smarter Balanced Assessment,TS,2413,L1,N
3881412,ELA,Smarter Balanced Assessment,TS,2473,L3,Y
6148594,ELA,Smarter Balanced Assessment,TS,2316,L1,N
3020717,ELA,Smarter Balanced Assessment,TS,2359,L1,N
7472892,ELA,Smarter Balanced Assessment,RF,,L0,N
3338782,ELA,Smarter Balanced Assessment,TS,2385,L1,N
7589999,ELA,Smarter Balanced Assessment,RF,,L0,N
7164837,ELA,Smarter Balanced Assessment,TS,2514,L2,N
7422801,ELA,Smarter Balanced Assessment,TS,2736,L4,Y
7706915,ELA,Smarter Balanced Assessment,NB,,L0,N
6542700,ELA,Smarter Balanced Assessment,TS,2614,L4,Y
7368854,ELA,Smarter Balanced Assessment,TS,2405,L1,N
3905749,ELA,Smarter Balanced Assessment,TS,2615,L3,Y
7088971,ELA,Smarter Balanced Assessment,NB,,L0,N
6828489,ELA,Smarter Balanced Assessment,TS,2505,L3,Y
7495963,ELA,Smarter Balanced Assessment,TS,2795,L4,Y
3230788,ELA,Smarter Balanced Assessment,NB,,L0,N
7015927,ELA,Smarter Balanced Assessment,NB,,L0,N
3489742,ELA,Smarter Balanced Assessment,TS,2289,L1,N
6785496,ELA,Smarter Balanced Assessment,TS,2424,L2,N
3626786,ELA,Smarter Balanced Assessment,TS,2510,L2,N
6668441,ELA,Smarter Balanced Assessment,TS,2344,L1,N
6901473,ELA,Smarter Balanced Assessment,TS,2562,L3,Y
6825715,ELA,Smarter Balanced Assessment,TS,2527,L2,N
6511588,ELA,Smarter Balanced Assessment,TS,2333,L1,N
6319413,ELA,Smarter Balanced Assessment,TS,2362,L1,N
7056321,ELA,Smarter Balanced Assessment,TS,2564,L3,Y
7690335,ELA,Smarter Balanced Assessment,TS,2451,L1,N
7530164,ELA,Smarter Balanced Assessment,TS,2711,L4,Y
6366445,ELA,Smarter Balanced Assessment,TS,2595,L4,Y
6151786,ELA,Smarter Balanced Assessment,RF,,L0,N
7689380,ELA,Smarter Balanced Assessment,TS,2476,L1,N
7972363,ELA,Smarter Balanced Assessment,TS,2535,L2,N
3832712,ELA,Smarter Balanced Assessment,RF,,L0,N
7217971,ELA,Smarter Balanced Assessment,NB,,L0,N
6903589,ELA,Smarter Balanced Assessment,TS,2399,L2,N
6270587,ELA,Smarter Balanced Assessment,TS,2497,L4,Y
7988838,ELA,Smarter Balanced Assessment,TS,2512,L2,N
6988706,ELA,Smarter Balanced Assessment,TS,2500,L2,N
6107422,ELA,Smarter Balanced Assessment,TS,2419,L1,N
6352471,ELA,Smarter Balanced Assessment,TS,2552,L4,Y
7220871,ELA,Smarter Balanced Assessment,NB,,L0,N
7857174,ELA,Smarter Balanced Assessment,TS,2679,L4,Y
7404800,ELA,Smarter Balanced Assessment,TS,2481,L1,N
6692537,ELA,Smarter Balanced Assessment,TS,2372,BA,Y
3200412,ELA,Smarter Balanced Assessment,TS,2436,L1,N
7068837,ELA,Smarter Balanced Assessment,TS,2701,L4,Y
3015716,ELA,Smarter Balanced Assessment,TS,2712,L4,Y
6094744,ELA,Smarter Balanced Assessment,NB,,L0,N
7958695,ELA,Smarter Balanced Assessment,NB,,L0,N
7928964,ELA,Smarter Balanced Assessment,TS,2701,L4,Y
7957321,ELA,Smarter Balanced Assessment,TS,2662,L4,Y
6956585,ELA,Smarter Balanced Assessment,PE,,--,-
6399536,ELA,Smarter Balanced Assessment,RF,,L0,N
3637713,ELA,Smarter Balanced Assessment,TS,2394,L2,N
3042715,ELA,Smarter Balanced Assessment,TS,2276,L1,N
7107374,ELA,Smarter Balanced Assessment,TS,2303,L1,N
7282906,ELA,Smarter Balanced Assessment,TS,2582,L2,N
3044789,ELA,Smarter Balanced Assessment,TS,2506,L2,N
7180878,ELA,Smarter Balanced Assessment,NB,,L0,N
3362713,ELA,Smarter Balanced Assessment,TS,2468,L3,Y
6000715,ELA,Smarter Balanced Assessment,TS,2518,L2,N
7980803,ELA,Smarter Balanced Assessment,TS,2338,L1,N
7815984,ELA,Smarter Balanced Assessment,NB,,L0,N
3185715,ELA,Smarter Balanced Assessment,TS,2524,L4,Y
3490793,ELA,Smarter Balanced Assessment,TS,2657,L4,Y
7459397,ELA,Smarter Balanced Assessment,TS,2385,L1,N
7522330,ELA,Smarter Balanced Assessment,TS,2636,L3,Y
7186915,ELA,Smarter Balanced Assessment,RF,,L0,N
3205749,ELA,Smarter Balanced Assessment,TS,2546,L4,Y
7931338,ELA,Smarter Balanced Assessment,TS,2457,L1,N
7437225,ELA,Smarter Balanced Assessment,TS,2546,L2,N
7506127,ELA,Smarter Balanced Assessment,TS,2716,L4,Y
3927418,ELA,Smarter Balanced Assessment,IC,,L0,N
6932481,ELA,Smarter Balanced Assessment,TS,2450,L2,N
6882724,ELA,Smarter Balanced Assessment,TS,2479,L2,N
6507462,ELA,Smarter Balanced Assessment,TS,2510,L3,Y
7327963,ELA,Smarter Balanced Assessment,TS,2662,L3,Y
7462808,ELA,Smarter Balanced Assessment,TS,2564,L2,N
7581124,ELA,Smarter Balanced Assessment,TS,2657,L3,Y
7638826,ELA,Smarter Balanced Assessment,BL,,L0,N
7493862,ELA,Smarter Balanced Assessment,TS,2469,L2,N
7019385,ELA,Smarter Balanced Assessment,TS,2580,L3,Y
6535519,ELA,Smarter Balanced Assessment,TS,2577,L2,N
6452470,ELA,Smarter Balanced Assessment,TS,2614,L3,Y
7594961,ELA,Smarter Balanced Assessment,TS,2624,L3,Y
6252476,ELA,Smarter Balanced Assessment,TS,2411,L1,N
3213751,ELA,Smarter Balanced Assessment,TS,2292,L1,N
7535330,ELA,Smarter Balanced Assessment,TS,2690,L4,Y
6906748,ELA,Smarter Balanced Assessment,TS,2524,L2,N
7453170,ELA,Smarter Balanced Assessment,TS,2607,L3,Y
7833168,ELA,Smarter Balanced Assessment,TS,2612,L3,Y
3042789,ELA,Smarter Balanced Assessment,TS,2439,L3,Y
7382142,ELA,Smarter Balanced Assessment,TS,2620,L3,Y
6783703,ELA,Smarter Balanced Assessment,TS,2461,L1,N
7827378,ELA,Smarter Balanced Assessment,TS,2498,L2,N
3947417,ELA,Smarter Balanced Assessment,NB,,L0,N
7003626,ELA,Smarter Balanced Assessment,RF,,L0,N
6439472,ELA,Smarter Balanced Assessment,TS,2368,L1,N
6179739,ELA,Smarter Balanced Assessment,TS,2492,L2,N
7809946,ELA,Smarter Balanced Assessment,NB,,L0,N
6884542,ELA,Smarter Balanced Assessment,TS,2393,L1,N
6253466,ELA,Smarter Balanced Assessment,TS,2589,L3,Y
6095715,ELA,Smarter Balanced Assessment,TS,2240,L1,N
6392587,ELA,Smarter Balanced Assessment,TS,2350,L1,N
7248949,ELA,Smarter Balanced Assessment,NB,,L0,N
6552486,ELA,Smarter Balanced Assessment,TS,2547,L4,Y
7321389,ELA,Smarter Balanced Assessment,TS,2693,L4,Y
7231986,ELA,Smarter Balanced Assessment,TS,2761,L4,Y
7928302,ELA,Smarter Balanced Assessment,RF,,L0,N
3587749,ELA,Smarter Balanced Assessment,NB,,L0,N
6358700,ELA,Smarter Balanced Assessment,TS,2437,L1,N
6355717,ELA,Smarter Balanced Assessment,TS,2731,L4,Y
6797776,ELA,Smarter Balanced Assessment,TS,2428,L1,N
3580749,ELA,Smarter Balanced Assessment,TS,2527,L3,Y
7944971,ELA,Smarter Balanced Assessment,NB,,L0,N
6177535,ELA,Smarter Balanced Assessment,TS,2415,L2,N
6668470,ELA,Smarter Balanced Assessment,TS,2380,L2,N
7216389,ELA,Smarter Balanced Assessment,PE,,--,-
7916975,ELA,Smarter Balanced Assessment,NB,,L0,N
7839397,ELA,Smarter Balanced Assessment,TS,2462,L1,N
6313764,ELA,Smarter Balanced Assessment,TS,2517,L2,N
6102764,ELA,Smarter Balanced Assessment,TS,2426,L1,N
7147829,ELA,Smarter Balanced Assessment,TS,2679,L4,Y
7440885,ELA,Smarter Balanced Assessment,TS,2452,L1,N
6041774,ELA,Smarter Balanced Assessment,TS,2563,L3,Y
7365382,ELA,Smarter Balanced Assessment,TS,2273,L1,N
7365382,ELA,Smarter Balanced Assessment,NB,,L0,N
3156745,ELA,Smarter Balanced Assessment,TS,2481,L3,Y
3846749,ELA,Smarter Balanced Assessment,TS,2550,L2,N
3665419,ELA,Smarter Balanced Assessment,TS,2303,L1,N
3544413,ELA,Smarter Balanced Assessment,TS,2419,L1,N
7691338,ELA,Smarter Balanced Assessment,TS,2499,L2,N
7244173,ELA,Smarter Balanced Assessment,TS,2416,L1,N
7799884,ELA,Smarter Balanced Assessment,TS,2624,L3,Y
6070477,ELA,Smarter Balanced Assessment,TS,2400,L2,N
3705788,ELA,Smarter Balanced Assessment,NB,,L0,N
6742400,ELA,Smarter Balanced Assessment,TS,2412,L1,N
7997167,ELA,Smarter Balanced Assessment,RF,,L0,N
7127814,ELA,Smarter Balanced Assessment,TS,2300,L1,N
3067442,ELA,Smarter Balanced Assessment,NB,,L0,N
6775454,ELA,Smarter Balanced Assessment,TS,2581,L4,Y
3102745,ELA,Smarter Balanced Assessment,PE,,--,-
7905975,ELA,Smarter Balanced Assessment,PE,,--,-
7905975,ELA,Smarter Balanced Assessment,PE,,--,-
6021701,ELA,Smarter Balanced Assessment,TS,2376,L1,N
7119347,ELA,Smarter Balanced Assessment,TS,2337,L1,N
7353893,ELA,Smarter Balanced Assessment,TS,2237,L1,N
7686938,ELA,Smarter Balanced Assessment,NB,,L0,N
7686938,ELA,Smarter Balanced Assessment,NE,,--,-
7415348,ELA,Smarter Balanced Assessment,TS,2511,L2,N
6499487,ELA,Smarter Balanced Assessment,TS,2577,L4,Y
7389884,ELA,Smarter Balanced Assessment,TS,2621,L3,Y
6187717,ELA,Smarter Balanced Assessment,TS,2690,L4,Y
7116998,ELA,Smarter Balanced Assessment,TS,2678,L3,Y
7359643,ELA,Smarter Balanced Assessment,TS,2795,L4,Y
6933475,ELA,Smarter Balanced Assessment,TS,2521,L3,Y
6244792,ELA,Smarter Balanced Assessment,TS,2567,L3,Y
7231808,ELA,Smarter Balanced Assessment,TS,2364,L1,N
6014491,ELA,Smarter Balanced Assessment,NB,,L0,N
7939148,ELA,Smarter Balanced Assessment,TS,2258,L1,N
7286321,ELA,Smarter Balanced Assessment,TS,2698,L4,Y
7401312,ELA,Smarter Balanced Assessment,TS,2403,L1,N
6367510,ELA,Smarter Balanced Assessment,TS,2478,L2,N
7895638,ELA,Smarter Balanced Assessment,TS,2634,L3,Y
6393514,ELA,Smarter Balanced Assessment,TS,2405,L1,N
6426586,ELA,Smarter Balanced Assessment,TS,2516,L4,Y
7973959,ELA,Smarter Balanced Assessment,NB,,L0,N
3945442,ELA,Smarter Balanced Assessment,TS,2351,L1,N
3480796,ELA,Smarter Balanced Assessment,NB,,L0,N
7365696,ELA,Smarter Balanced Assessment,TS,2587,L3,Y
6208778,ELA,Smarter Balanced Assessment,TS,2410,BA,Y
7651809,ELA,Smarter Balanced Assessment,TS,2609,L3,Y
7688947,ELA,Smarter Balanced Assessment,NB,,L0,N
6754555,ELA,Smarter Balanced Assessment,TS,2460,L3,Y
7206300,ELA,Smarter Balanced Assessment,TS,2664,L4,Y
3830712,ELA,Smarter Balanced Assessment,TS,2540,L3,Y
7718333,ELA,Smarter Balanced Assessment,TS,2498,L2,N
7642334,ELA,Smarter Balanced Assessment,IC,,L0,N
7405964,ELA,Smarter Balanced Assessment,TS,2682,L4,Y
3245447,ELA,Smarter Balanced Assessment,TS,2763,L4,Y
7741168,ELA,Smarter Balanced Assessment,TS,2667,L3,Y
6318781,ELA,Smarter Balanced Assessment,TS,2531,L3,Y
6044701,ELA,Smarter Balanced Assessment,TS,2418,L1,N
6611425,ELA,Smarter Balanced Assessment,TS,2519,L3,Y
6413712,ELA,Smarter Balanced Assessment,TS,2479,L2,N
6601407,ELA,Smarter Balanced Assessment,TS,2477,L3,Y
7465924,ELA,Smarter Balanced Assessment,TS,2456,L1,N
3138745,ELA,Smarter Balanced Assessment,TS,2326,L1,N
7552826,ELA,Smarter Balanced Assessment,TS,2466,L2,N
7443864,ELA,Smarter Balanced Assessment,TS,2593,L3,Y
6557435,ELA,Smarter Balanced Assessment,TS,2392,L1,N
7935696,ELA,Smarter Balanced Assessment,TS,2731,L4,Y
7706837,ELA,Smarter Balanced Assessment,TS,2508,L2,N
6640721,ELA,Smarter Balanced Assessment,TS,2542,L3,Y
6598776,ELA,Smarter Balanced Assessment,TS,2646,L4,Y
7798170,ELA,Smarter Balanced Assessment,NB,,L0,N
6701796,ELA,Smarter Balanced Assessment,RF,,L0,N
7587950,ELA,Smarter Balanced Assessment,NB,,L0,N
7804963,ELA,Smarter Balanced Assessment,TS,2760,L4,Y
6461743,ELA,Smarter Balanced Assessment,TS,2617,L3,Y
6140559,ELA,Smarter Balanced Assessment,TS,2532,L3,Y
7802970,ELA,Smarter Balanced Assessment,TS,2595,L3,Y
6454444,ELA,Smarter Balanced Assessment,IC,,L0,N
7492159,ELA,Smarter Balanced Assessment,TS,2395,L1,N
6614786,ELA,Smarter Balanced Assessment,IC,,L0,N
7042033,ELA,Smarter Balanced Assessment,NB,,L0,N
7458208,ELA,Smarter Balanced Assessment,PE,,--,-
7458208,ELA,Smarter Balanced Assessment,NE,,--,-
6578478,ELA,Smarter Balanced Assessment,TS,2354,L1,N
6906462,ELA,Smarter Balanced Assessment,TS,2527,L3,Y
3540417,ELA,Smarter Balanced Assessment,RF,,L0,N
6565750,ELA,Smarter Balanced Assessment,TS,2404,L1,N
7940372,ELA,Smarter Balanced Assessment,TS,2442,L1,N
6586730,ELA,Smarter Balanced Assessment,TS,2701,L4,Y
3946719,ELA,Smarter Balanced Assessment,TS,2273,L1,N
7677864,ELA,Smarter Balanced Assessment,TS,2504,L2,N
7463944,ELA,Smarter Balanced Assessment,BL,,L0,N
6407454,ELA,Smarter Balanced Assessment,TS,2555,L4,Y
7806812,ELA,Smarter Balanced Assessment,NB,,L0,N
6404472,ELA,Smarter Balanced Assessment,TS,2367,L1,N
3120780,ELA,Smarter Balanced Assessment,TS,2371,L1,N
3362447,ELA,Smarter Balanced Assessment,PE,,--,-
6193471,ELA,Smarter Balanced Assessment,TS,2439,L2,N
7916654,ELA,Smarter Balanced Assessment,TS,2740,L4,Y
6584462,ELA,Smarter Balanced Assessment,TS,2513,L3,Y
6738725,ELA,Smarter Balanced Assessment,TS,2559,L3,Y
3427714,ELA,Smarter Balanced Assessment,TS,2318,L1,N
7055001,ELA,Smarter Balanced Assessment,TS,2493,L2,N
3614788,ELA,Smarter Balanced Assessment,TS,2515,L2,N
6955747,ELA,Smarter Balanced Assessment,TS,2703,L4,Y
6398510,ELA,Smarter Balanced Assessment,TS,2438,L2,N
6402582,ELA,Smarter Balanced Assessment,TS,2497,L4,Y
3262783,ELA,Smarter Balanced Assessment,TS,2312,L1,N
6302593,ELA,Smarter Balanced Assessment,TS,2487,L3,Y
3440786,ELA,Smarter Balanced Assessment,TS,2528,L4,Y
3343419,ELA,Smarter Balanced Assessment,TS,2421,L2,N
3005751,ELA,Smarter Balanced Assessment,TS,2561,L3,Y
6868424,ELA,Smarter Balanced Assessment,TS,2357,L1,N
7624122,ELA,Smarter Balanced Assessment,IC,,L0,N
3244718,ELA,Smarter Balanced Assessment,TS,2361,L1,N
6963724,ELA,Smarter Balanced Assessment,TS,2630,L4,Y
6075475,ELA,Smarter Balanced Assessment,TS,2606,L4,Y
6978713,ELA,Smarter Balanced Assessment,TS,2545,L3,Y
6185517,ELA,Smarter Balanced Assessment,TS,2383,L1,N
7889941,ELA,Smarter Balanced Assessment,NB,,L0,N
7258827,ELA,Smarter Balanced Assessment,TS,2315,L1,N
7102360,ELA,Smarter Balanced Assessment,TS,2546,L2,N
7767882,ELA,Smarter Balanced Assessment,TS,2615,L3,Y
7353300,ELA,Smarter Balanced Assessment,TS,2378,L1,N
7331823,ELA,Smarter Balanced Assessment,TS,2595,L3,Y
6665789,ELA,Smarter Balanced Assessment,NB,,L0,N
7280139,ELA,Smarter Balanced Assessment,NB,,L0,N
3383413,ELA,Smarter Balanced Assessment,TS,2272,L1,N
3429749,ELA,Smarter Balanced Assessment,TS,2374,L2,N
6500583,ELA,Smarter Balanced Assessment,TS,2471,L3,Y
3604741,ELA,Smarter Balanced Assessment,TS,2404,L2,N
6533772,ELA,Smarter Balanced Assessment,TS,2504,L2,N
3426712,ELA,Smarter Balanced Assessment,TS,2513,L4,Y
7830351,ELA,Smarter Balanced Assessment,NB,,L0,N
6981729,ELA,Smarter Balanced Assessment,TS,2418,L1,N
7583839,ELA,Smarter Balanced Assessment,TS,2518,L2,N
7585996,ELA,Smarter Balanced Assessment,NB,,L0,N
3864419,ELA,Smarter Balanced Assessment,TS,2490,L2,N
7880949,ELA,Smarter Balanced Assessment,NB,,L0,N
7832164,ELA,Smarter Balanced Assessment,TS,2577,L3,Y
3344442,ELA,Smarter Balanced Assessment,TS,2440,L1,N
6079486,ELA,Smarter Balanced Assessment,TS,2515,L3,Y
7328961,ELA,Smarter Balanced Assessment,TS,2695,L4,Y
7234884,ELA,Smarter Balanced Assessment,TS,2388,L1,N
6665742,ELA,Smarter Balanced Assessment,TS,2477,L2,N
6246791,ELA,Smarter Balanced Assessment,TS,2618,L4,Y
6133701,ELA,Smarter Balanced Assessment,TS,2599,L3,Y
3541413,ELA,Smarter Balanced Assessment,TS,2651,L3,Y
7433955,ELA,Smarter Balanced Assessment,NB,,L0,N
7648663,ELA,Smarter Balanced Assessment,NB,,L0,N
7581993,ELA,Smarter Balanced Assessment,TS,2664,L3,Y
7729909,ELA,Smarter Balanced Assessment,NB,,L0,N
7418100,ELA,Smarter Balanced Assessment,TS,2586,L3,Y
6609770,ELA,Smarter Balanced Assessment,TS,2489,L2,N
3729447,ELA,Smarter Balanced Assessment,NN,,--,-
3326788,ELA,Smarter Balanced Assessment,TS,2516,L3,Y
7600875,ELA,Smarter Balanced Assessment,TS,2496,L2,N
6704781,ELA,Smarter Balanced Assessment,TS,2570,L3,Y
7594222,ELA,Smarter Balanced Assessment,NB,,L0,N
3628786,ELA,Smarter Balanced Assessment,TS,2434,L2,N
7069330,ELA,Smarter Balanced Assessment,NB,,L0,N
6199743,ELA,Smarter Balanced Assessment,TS,2620,L3,Y
6249446,ELA,Smarter Balanced Assessment,TS,2434,L1,N
6313482,ELA,Smarter Balanced Assessment,TS,2554,L4,Y
7362183,ELA,Smarter Balanced Assessment,TS,2519,L2,N
7044901,ELA,Smarter Balanced Assessment,TS,2714,L4,Y
7028813,ELA,Smarter Balanced Assessment,NB,,L0,N
7743961,ELA,Smarter Balanced Assessment,TS,2701,L4,Y
6761413,ELA,Smarter Balanced Assessment,TS,2552,L3,Y
7385965,ELA,Smarter Balanced Assessment,TS,2568,L2,N
6940484,ELA,Smarter Balanced Assessment,TS,2474,L3,Y
7197134,ELA,Smarter Balanced Assessment,TS,2423,L1,N
7111956,ELA,Smarter Balanced Assessment,NB,,L0,N
6618789,ELA,Smarter Balanced Assessment,NB,,L0,N
3933447,ELA,Smarter Balanced Assessment,RF,,L0,N
3544411,ELA,Smarter Balanced Assessment,BL,,L0,N
6124484,ELA,Smarter Balanced Assessment,TS,2527,L2,N
3584785,ELA,Smarter Balanced Assessment,NB,,L0,N
6602406,ELA,Smarter Balanced Assessment,NB,,L0,N
7670828,ELA,Smarter Balanced Assessment,TS,2402,L1,N
7902890,ELA,Smarter Balanced Assessment,RF,,L0,N
7821335,ELA,Smarter Balanced Assessment,TS,2474,L1,N
3115742,ELA,Smarter Balanced Assessment,TS,2775,L4,Y
3623749,ELA,Smarter Balanced Assessment,TS,2474,L3,Y
7000929,ELA,Smarter Balanced Assessment,TS,2710,L4,Y
6983497,ELA,Smarter Balanced Assessment,TS,2398,L1,N
3930716,ELA,Smarter Balanced Assessment,TS,2345,L1,N
7987305,ELA,Smarter Balanced Assessment,TS,2676,L4,Y
6479482,ELA,Smarter Balanced Assessment,TS,2271,L1,N
6316700,ELA,Smarter Balanced Assessment,TS,2510,L3,Y
7724650,ELA,Smarter Balanced Assessment,NB,,L0,N
7108975,ELA,Smarter Balanced Assessment,RF,,L0,N
7108975,ELA,Smarter Balanced Assessment,NE,,--,-
7439653,ELA,Smarter Balanced Assessment,TS,2795,L4,Y
6908776,ELA,Smarter Balanced Assessment,TS,2574,L3,Y
6678701,ELA,Smarter Balanced Assessment,TS,2604,L3,Y
3623718,ELA,Smarter Balanced Assessment,TS,2332,L1,N
7929386,ELA,Smarter Balanced Assessment,TS,2376,L1,N
6836438,ELA,Smarter Balanced Assessment,TS,2529,L4,Y
7015129,ELA,Smarter Balanced Assessment,TS,2554,L2,N
7305324,ELA,Smarter Balanced Assessment,TS,2362,L1,N
7952987,ELA,Smarter Balanced Assessment,NB,,L0,N
3144745,ELA,Smarter Balanced Assessment,TS,2426,L2,N
6421484,ELA,Smarter Balanced Assessment,TS,2303,L1,N
7312815,ELA,Smarter Balanced Assessment,TS,2562,L3,Y
7487957,ELA,Smarter Balanced Assessment,NB,,L0,N
6842787,ELA,Smarter Balanced Assessment,NB,,L0,N
7065366,ELA,Smarter Balanced Assessment,TS,2623,L3,Y
3257447,ELA,Smarter Balanced Assessment,TS,2631,L3,Y
6926517,ELA,Smarter Balanced Assessment,TS,2373,L1,N
6494482,ELA,Smarter Balanced Assessment,TS,2308,L1,N
6170421,ELA,Smarter Balanced Assessment,TS,2593,L4,Y
3666412,ELA,Smarter Balanced Assessment,TS,2364,L1,N
3633714,ELA,Smarter Balanced Assessment,TS,2400,L2,N
6903729,ELA,Smarter Balanced Assessment,RF,,L0,N
3248447,ELA,Smarter Balanced Assessment,TS,2338,L1,N
7813869,ELA,Smarter Balanced Assessment,TS,2594,L3,Y
7591328,ELA,Smarter Balanced Assessment,TS,2498,L2,N
6729796,ELA,Smarter Balanced Assessment,TS,2456,L2,N
7140362,ELA,Smarter Balanced Assessment,TS,2585,L3,Y
7969302,ELA,Smarter Balanced Assessment,RF,,L0,N
3502780,ELA,Smarter Balanced Assessment,TS,2550,L3,Y
3625449,ELA,Smarter Balanced Assessment,TS,2460,L1,N
7657380,ELA,Smarter Balanced Assessment,RF,,L0,N
7400328,ELA,Smarter Balanced Assessment,TS,2627,L3,Y
6362758,ELA,Smarter Balanced Assessment,TS,2455,L1,N
3337782,ELA,Smarter Balanced Assessment,TS,2500,L4,Y
7656195,ELA,Smarter Balanced Assessment,TS,2745,L4,Y
3624449,ELA,Smarter Balanced Assessment,TS,2487,L2,N
6329583,ELA,Smarter Balanced Assessment,TS,2365,L1,N
3257412,Mathematics,Smarter Balanced Assessment,TS,2538,L2,N
3123786,Mathematics,Smarter Balanced Assessment,TS,2459,L1,N
3853714,Mathematics,Smarter Balanced Assessment,NB,,L0,N
6627761,Mathematics,Smarter Balanced Assessment,TS,2507,L2,N
7470818,Mathematics,Smarter Balanced Assessment,TS,2551,L2,N
7164855,Mathematics,Smarter Balanced Assessment,TS,2626,L3,Y
7205860,Mathematics,Smarter Balanced Assessment,TS,2311,L1,N
7676657,Mathematics,Smarter Balanced Assessment,NB,,L0,N
6280429,Mathematics,Smarter Balanced Assessment,TS,2390,L1,N
6856444,Mathematics,Smarter Balanced Assessment,AX,,--,-
6353457,Mathematics,Smarter Balanced Assessment,RF,,L0,N
6512478,Mathematics,Smarter Balanced Assessment,TS,2460,L2,N
6252514,Mathematics,Smarter Balanced Assessment,RF,,L0,N
3159754,Mathematics,Smarter Balanced Assessment,TS,2483,L2,N
6306718,Mathematics,Smarter Balanced Assessment,TS,2441,L1,N
7460315,Mathematics,Smarter Balanced Assessment,TS,2347,L1,N
6083589,Mathematics,Smarter Balanced Assessment,TS,2502,L4,Y
3387411,Mathematics,Smarter Balanced Assessment,TS,2608,L4,Y
6937589,Mathematics,Smarter Balanced Assessment,TS,2468,L3,Y
3080731,Mathematics,Smarter Balanced Assessment,TS,2437,L2,N
3291781,Mathematics,Smarter Balanced Assessment,NB,,L0,N
6337548,Mathematics,Smarter Balanced Assessment,TS,2429,L2,N
7188946,Mathematics,Smarter Balanced Assessment,NB,,L0,N
7172169,Mathematics,Smarter Balanced Assessment,RF,,L0,N
3894799,Mathematics,Smarter Balanced Assessment,TS,2415,L1,N
3815730,Mathematics,Smarter Balanced Assessment,TS,2462,L2,N
7716106,Mathematics,Smarter Balanced Assessment,TS,2366,L1,N
7088933,Mathematics,Smarter Balanced Assessment,NB,,L0,N
6237454,Mathematics,Smarter Balanced Assessment,TS,2485,L3,Y
3193417,Mathematics,Smarter Balanced Assessment,TS,2413,L1,N
7375107,Mathematics,Smarter Balanced Assessment,TS,2382,L1,N
7585849,Mathematics,Smarter Balanced Assessment,TS,2594,L3,Y
7800851,Mathematics,Smarter Balanced Assessment,PE,,--,-
7800851,Mathematics,Smarter Balanced Assessment,PE,,--,-
6751776,Mathematics,Smarter Balanced Assessment,TS,2379,L1,N
3368742,Mathematics,Smarter Balanced Assessment,TS,2315,L1,N
7517170,Mathematics,Smarter Balanced Assessment,TS,2665,L4,Y
6358530,Mathematics,Smarter Balanced Assessment,NB,,L0,N
6101705,Mathematics,Smarter Balanced Assessment,IC,,L0,N
3485418,Mathematics,Smarter Balanced Assessment,TS,2360,L1,N
7121959,Mathematics,Smarter Balanced Assessment,NB,,L0,N
6918700,Mathematics,Smarter Balanced Assessment,RF,,L0,N
3928418,Mathematics,Smarter Balanced Assessment,TS,2385,L1,N
7987104,Mathematics,Smarter Balanced Assessment,TS,2698,L4,Y
3444742,Mathematics,Smarter Balanced Assessment,TS,2441,L1,N
6774488,Mathematics,Smarter Balanced Assessment,TS,2592,L3,Y
3494752,Mathematics,Smarter Balanced Assessment,TS,2419,L2,N
6677765,Mathematics,Smarter Balanced Assessment,TS,2413,L1,N
3817712,Mathematics,Smarter Balanced Assessment,TS,2417,L2,N
3464749,Mathematics,Smarter Balanced Assessment,TS,2495,L3,Y
3988717,Mathematics,Smarter Balanced Assessment,TS,2482,L3,Y
6861754,Mathematics,Smarter Balanced Assessment,IC,,L0,N
3645712,Mathematics,Smarter Balanced Assessment,TS,2576,L4,Y
3482715,Mathematics,Smarter Balanced Assessment,TS,2416,L2,N
6568583,Mathematics,Smarter Balanced Assessment,TS,2471,L3,Y
7653826,Mathematics,Smarter Balanced Assessment,TS,2709,L4,Y
6430726,Mathematics,Smarter Balanced Assessment,TS,2415,L1,N
6905514,Mathematics,Smarter Balanced Assessment,TS,2453,L3,Y
3223749,Mathematics,Smarter Balanced Assessment,TS,2684,L4,Y
3660714,Mathematics,Smarter Balanced Assessment,TS,2357,L1,N
3016744,Mathematics,Smarter Balanced Assessment,TS,2566,L3,Y
3434742,Mathematics,Smarter Balanced Assessment,TS,2489,L2,N
6079580,Mathematics,Smarter Balanced Assessment,TS,2501,L4,Y
6979583,Mathematics,Smarter Balanced Assessment,TS,2477,L3,Y
3919793,Mathematics,Smarter Balanced Assessment,NB,,L0,N
6970489,Mathematics,Smarter Balanced Assessment,TS,2406,L1,N
3284414,Mathematics,Smarter Balanced Assessment,TS,2342,L1,N
7267108,Mathematics,Smarter Balanced Assessment,TS,2512,L2,N
6191449,Mathematics,Smarter Balanced Assessment,TS,2492,L2,N
3645796,Mathematics,Smarter Balanced Assessment,NB,,L0,N
7730847,Mathematics,Smarter Balanced Assessment,TS,2606,L3,Y
3472719,Mathematics,Smarter Balanced Assessment,TS,2544,L4,Y
7275940,Mathematics,Smarter Balanced Assessment,NB,,L0,N
7699336,Mathematics,Smarter Balanced Assessment,TS,2395,L1,N
6913413,Mathematics,Smarter Balanced Assessment,TS,2461,L2,N
7617668,Mathematics,Smarter Balanced Assessment,TS,2265,L1,N
7336259,Mathematics,Smarter Balanced Assessment,RF,,L0,N
6855775,Mathematics,Smarter Balanced Assessment,TS,2536,L3,Y
3093418,Mathematics,Smarter Balanced Assessment,TS,2593,L3,Y
3501780,Mathematics,Smarter Balanced Assessment,TS,2468,L1,N
6284716,Mathematics,Smarter Balanced Assessment,TS,2421,L1,N
3327788,Mathematics,Smarter Balanced Assessment,NB,,L0,N
6245775,Mathematics,Smarter Balanced Assessment,TS,2495,L2,N
3330782,Mathematics,Smarter Balanced Assessment,TS,2500,L3,Y
7466801,Mathematics,Smarter Balanced Assessment,TS,2521,L2,N
7750932,Mathematics,Smarter Balanced Assessment,NB,,L0,N
6104492,Mathematics,Smarter Balanced Assessment,TS,2513,L3,Y
3545789,Mathematics,Smarter Balanced Assessment,NB,,L0,N
7100001,Mathematics,Smarter Balanced Assessment,NB,,L0,N
7907827,Mathematics,Smarter Balanced Assessment,TS,2637,L4,Y
7496942,Mathematics,Smarter Balanced Assessment,NB,,L0,N
3884741,Mathematics,Smarter Balanced Assessment,TS,2313,L1,N
7664336,Mathematics,Smarter Balanced Assessment,TS,2623,L3,Y
6669728,Mathematics,Smarter Balanced Assessment,TS,2606,L4,Y
3281712,Mathematics,Smarter Balanced Assessment,TS,2349,L1,N
3893788,Mathematics,Smarter Balanced Assessment,TS,2603,L4,Y
7138842,Mathematics,Smarter Balanced Assessment,TS,2402,L1,N
6941517,Mathematics,Smarter Balanced Assessment,TS,2492,BA,Y
7232331,Mathematics,Smarter Balanced Assessment,TS,2482,L1,N
7194127,Mathematics,Smarter Balanced Assessment,TS,2451,L1,N
3197746,Mathematics,Smarter Balanced Assessment,TS,2428,L2,N
7653113,Mathematics,Smarter Balanced Assessment,NB,,L0,N
6207466,Mathematics,Smarter Balanced Assessment,TS,2550,L4,Y
7830811,Mathematics,Smarter Balanced Assessment,TS,2455,L1,N
7032867,Mathematics,Smarter Balanced Assessment,TS,2479,L2,N
6601489,Mathematics,Smarter Balanced Assessment,TS,2485,L3,Y
6779704,Mathematics,Smarter Balanced Assessment,TS,2463,L2,N
6744703,Mathematics,Smarter Balanced Assessment,TS,2692,L4,Y
6287424,Mathematics,Smarter Balanced Assessment,TS,2449,L1,N
3796413,Mathematics,Smarter Balanced Assessment,TS,2411,L2,N
6507436,Mathematics,Smarter Balanced Assessment,NB,,L0,N
7038946,Mathematics,Smarter Balanced Assessment,NB,,L0,N
7990395,Mathematics,Smarter Balanced Assessment,TS,2265,L1,N
3695710,Mathematics,Smarter Balanced Assessment,RF,,L0,N
6783494,Mathematics,Smarter Balanced Assessment,TS,2362,L1,N
3058714,Mathematics,Smarter Balanced Assessment,TS,2458,L3,Y
3365796,Mathematics,Smarter Balanced Assessment,NB,,L0,N
7253149,Mathematics,Smarter Balanced Assessment,TS,2624,L3,Y
7375870,Mathematics,Smarter Balanced Assessment,TS,2563,L3,Y
3693419,Mathematics,Smarter Balanced Assessment,RF,,L0,N
7342893,Mathematics,Smarter Balanced Assessment,TS,2601,L3,Y
6680484,Mathematics,Smarter Balanced Assessment,TS,2551,L4,Y
7205601,Mathematics,Smarter Balanced Assessment,TS,2418,L1,N
6828475,Mathematics,Smarter Balanced Assessment,TS,2570,L4,Y
3538417,Mathematics,Smarter Balanced Assessment,TS,2533,L2,N
6774713,Mathematics,Smarter Balanced Assessment,TS,2503,L1,N
7365807,Mathematics,Smarter Balanced Assessment,NB,,L0,N
3219793,Mathematics,Smarter Balanced Assessment,TS,2427,L2,N
6844552,Mathematics,Smarter Balanced Assessment,TS,2509,L2,N
7121298,Mathematics,Smarter Balanced Assessment,TS,2746,L4,Y
6382729,Mathematics,Smarter Balanced Assessment,TS,2320,L1,N
7085069,Mathematics,Smarter Balanced Assessment,TS,2457,L1,N
7085069,Mathematics,Smarter Balanced Assessment,NB,,L0,N
6065755,Mathematics,Smarter Balanced Assessment,TS,2424,L1,N
6001455,Mathematics,Smarter Balanced Assessment,TS,2408,L1,N
7274870,Mathematics,Smarter Balanced Assessment,TS,2743,L4,Y
6651764,Mathematics,Smarter Balanced Assessment,TS,2448,L1,N
6084584,Mathematics,Smarter Balanced Assessment,TS,2425,L2,N
6298551,Mathematics,Smarter Balanced Assessment,TS,2494,L2,N
7105211,Mathematics,Smarter Balanced Assessment,IC,,L0,N
3984756,Mathematics,Smarter Balanced Assessment,TS,2570,L4,Y
7479943,Mathematics,Smarter Balanced Assessment,NB,,L0,N
6892720,Mathematics,Smarter Balanced Assessment,TS,2427,L1,N
7911950,Mathematics,Smarter Balanced Assessment,NB,,L0,N
6180554,Mathematics,Smarter Balanced Assessment,TS,2445,L3,Y
7433342,Mathematics,Smarter Balanced Assessment,TS,2480,L2,N
6544537,Mathematics,Smarter Balanced Assessment,TS,2508,L4,Y
7589999,Mathematics,Smarter Balanced Assessment,NB,,L0,N
6010492,Mathematics,Smarter Balanced Assessment,RF,,L0,N
7715983,Mathematics,Smarter Balanced Assessment,NB,,L0,N
3199746,Mathematics,Smarter Balanced Assessment,TS,2609,L4,Y
7037952,Mathematics,Smarter Balanced Assessment,RF,,L0,N
7055265,Mathematics,Smarter Balanced Assessment,NE,,--,-
7055265,Mathematics,Smarter Balanced Assessment,RF,,L0,N
6604474,Mathematics,Smarter Balanced Assessment,TS,2463,L2,N
6243701,Mathematics,Smarter Balanced Assessment,TS,2450,L1,N
3498793,Mathematics,Smarter Balanced Assessment,TS,2605,L3,Y
7910156,Mathematics,Smarter Balanced Assessment,TS,2446,L1,N
7916122,Mathematics,Smarter Balanced Assessment,TS,2644,L3,Y
7068123,Mathematics,Smarter Balanced Assessment,NB,,L0,N
3563742,Mathematics,Smarter Balanced Assessment,TS,2394,BA,Y
7410801,Mathematics,Smarter Balanced Assessment,TS,2582,L3,Y
7212888,Mathematics,Smarter Balanced Assessment,NB,,L0,N
3692713,Mathematics,Smarter Balanced Assessment,TS,2517,L4,Y
6881423,Mathematics,Smarter Balanced Assessment,TS,2580,L4,Y
7206969,Mathematics,Smarter Balanced Assessment,RF,,L0,N
7740310,Mathematics,Smarter Balanced Assessment,TS,2514,L2,N
6511588,Mathematics,Smarter Balanced Assessment,TS,2441,L2,N
6993400,Mathematics,Smarter Balanced Assessment,TS,2678,L4,Y
6321709,Mathematics,Smarter Balanced Assessment,TS,2599,L4,Y
6662423,Mathematics,Smarter Balanced Assessment,TS,2540,L3,Y
7722980,Mathematics,Smarter Balanced Assessment,NB,,L0,N
6811555,Mathematics,Smarter Balanced Assessment,TS,2551,L4,Y
7017990,Mathematics,Smarter Balanced Assessment,NB,,L0,N
6560530,Mathematics,Smarter Balanced Assessment,NB,,L0,N
6479729,Mathematics,Smarter Balanced Assessment,TS,2570,L3,Y
7776346,Mathematics,Smarter Balanced Assessment,TS,2593,L3,Y
6932476,Mathematics,Smarter Balanced Assessment,TS,2441,L2,N
6840444,Mathematics,Smarter Balanced Assessment,TS,2384,L1,N
6364740,Mathematics,Smarter Balanced Assessment,TS,2449,L1,N
7246871,Mathematics,Smarter Balanced Assessment,TS,2473,L1,N
7391884,Mathematics,Smarter Balanced Assessment,NB,,L0,N
6865785,Mathematics,Smarter Balanced Assessment,TS,2519,L2,N
6016486,Mathematics,Smarter Balanced Assessment,TS,2286,L1,N
7589846,Mathematics,Smarter Balanced Assessment,TS,2541,L2,N
6654770,Mathematics,Smarter Balanced Assessment,TS,2609,L4,Y
7841126,Mathematics,Smarter Balanced Assessment,TS,2653,L4,Y
3042715,Mathematics,Smarter Balanced Assessment,TS,2353,L1,N
6010728,Mathematics,Smarter Balanced Assessment,TS,2576,L2,N
7217971,Mathematics,Smarter Balanced Assessment,NB,,L0,N
3124786,Mathematics,Smarter Balanced Assessment,TS,2333,L1,N
3899742,Mathematics,Smarter Balanced Assessment,TS,2409,L2,N
6716745,Mathematics,Smarter Balanced Assessment,TS,2466,L1,N
7980898,Mathematics,Smarter Balanced Assessment,TS,2498,L2,N
7946393,Mathematics,Smarter Balanced Assessment,NB,,L0,N
3612788,Mathematics,Smarter Balanced Assessment,TS,2673,L4,Y
3212751,Mathematics,Smarter Balanced Assessment,TS,2441,L2,N
3881412,Mathematics,Smarter Balanced Assessment,TS,2496,L3,Y
6148594,Mathematics,Smarter Balanced Assessment,TS,2427,L2,N
3020717,Mathematics,Smarter Balanced Assessment,TS,2379,L1,N
7472892,Mathematics,Smarter Balanced Assessment,RF,,L0,N
3489742,Mathematics,Smarter Balanced Assessment,TS,2369,L1,N
3338782,Mathematics,Smarter Balanced Assessment,TS,2445,L1,N
7689380,Mathematics,Smarter Balanced Assessment,TS,2446,L1,N
7164837,Mathematics,Smarter Balanced Assessment,TS,2674,L4,Y
7706915,Mathematics,Smarter Balanced Assessment,NB,,L0,N
6542700,Mathematics,Smarter Balanced Assessment,TS,2674,L4,Y
7368854,Mathematics,Smarter Balanced Assessment,TS,2444,L1,N
3905749,Mathematics,Smarter Balanced Assessment,TS,2556,L2,N
7088971,Mathematics,Smarter Balanced Assessment,NB,,L0,N
7972363,Mathematics,Smarter Balanced Assessment,TS,2653,L4,Y
6828489,Mathematics,Smarter Balanced Assessment,TS,2455,L2,N
6366445,Mathematics,Smarter Balanced Assessment,TS,2572,L3,Y
3230788,Mathematics,Smarter Balanced Assessment,AX,,--,-
6901473,Mathematics,Smarter Balanced Assessment,TS,2567,L3,Y
7015927,Mathematics,Smarter Balanced Assessment,NB,,L0,N
6785496,Mathematics,Smarter Balanced Assessment,IC,,L0,N
3626786,Mathematics,Smarter Balanced Assessment,TS,2475,L1,N
6668441,Mathematics,Smarter Balanced Assessment,TS,2394,L1,N
7957321,Mathematics,Smarter Balanced Assessment,TS,2675,L4,Y
6825715,Mathematics,Smarter Balanced Assessment,TS,2498,L2,N
6319413,Mathematics,Smarter Balanced Assessment,TS,2375,L1,N
7056321,Mathematics,Smarter Balanced Assessment,TS,2645,L4,Y
7690335,Mathematics,Smarter Balanced Assessment,TS,2488,L2,N
6151786,Mathematics,Smarter Balanced Assessment,RF,,L0,N
7068837,Mathematics,Smarter Balanced Assessment,TS,2727,L4,Y
3832712,Mathematics,Smarter Balanced Assessment,RF,,L0,N
6903589,Mathematics,Smarter Balanced Assessment,TS,2397,L2,N
6270587,Mathematics,Smarter Balanced Assessment,TS,2571,L4,Y
7988838,Mathematics,Smarter Balanced Assessment,TS,2498,L2,N
6988706,Mathematics,Smarter Balanced Assessment,TS,2456,L2,N
6107422,Mathematics,Smarter Balanced Assessment,TS,2427,L1,N
7857174,Mathematics,Smarter Balanced Assessment,TS,2635,L3,Y
6352471,Mathematics,Smarter Balanced Assessment,TS,2473,L2,N
7220871,Mathematics,Smarter Balanced Assessment,NB,,L0,N
6783703,Mathematics,Smarter Balanced Assessment,TS,2449,L1,N
7404800,Mathematics,Smarter Balanced Assessment,TS,2565,L2,N
6692537,Mathematics,Smarter Balanced Assessment,TS,2402,L2,N
3200412,Mathematics,Smarter Balanced Assessment,TS,2456,L1,N
6094744,Mathematics,Smarter Balanced Assessment,NB,,L0,N
7958695,Mathematics,Smarter Balanced Assessment,NB,,L0,N
7980803,Mathematics,Smarter Balanced Assessment,TS,2554,L3,Y
7180878,Mathematics,Smarter Balanced Assessment,NB,,L0,N
6956585,Mathematics,Smarter Balanced Assessment,PE,,--,-
7382142,Mathematics,Smarter Balanced Assessment,TS,2493,L1,N
6399536,Mathematics,Smarter Balanced Assessment,RF,,L0,N
3637713,Mathematics,Smarter Balanced Assessment,TS,2572,L4,Y
7107374,Mathematics,Smarter Balanced Assessment,TS,2219,L1,N
3044789,Mathematics,Smarter Balanced Assessment,TS,2554,L2,N
7815984,Mathematics,Smarter Balanced Assessment,NB,,L0,N
3362713,Mathematics,Smarter Balanced Assessment,TS,2510,L4,Y
6000715,Mathematics,Smarter Balanced Assessment,TS,2464,L1,N
7506127,Mathematics,Smarter Balanced Assessment,TS,2717,L4,Y
3185715,Mathematics,Smarter Balanced Assessment,TS,2457,L3,Y
3490793,Mathematics,Smarter Balanced Assessment,TS,2609,L3,Y
7833168,Mathematics,Smarter Balanced Assessment,TS,2706,L4,Y
7581124,Mathematics,Smarter Balanced Assessment,TS,2668,L4,Y
7459397,Mathematics,Smarter Balanced Assessment,TS,2443,L1,N
6507462,Mathematics,Smarter Balanced Assessment,TS,2547,L3,Y
7522330,Mathematics,Smarter Balanced Assessment,TS,2676,L4,Y
7186915,Mathematics,Smarter Balanced Assessment,RF,,L0,N
3205749,Mathematics,Smarter Balanced Assessment,TS,2555,L4,Y
7931338,Mathematics,Smarter Balanced Assessment,TS,2523,L2,N
7437225,Mathematics,Smarter Balanced Assessment,TS,2502,L1,N
6932481,Mathematics,Smarter Balanced Assessment,TS,2548,L3,Y
6882724,Mathematics,Smarter Balanced Assessment,TS,2529,L3,Y
7493862,Mathematics,Smarter Balanced Assessment,TS,2510,L2,N
7019385,Mathematics,Smarter Balanced Assessment,TS,2548,L2,N
7686938,Mathematics,Smarter Balanced Assessment,NB,,L0,N
7686938,Mathematics,Smarter Balanced Assessment,NE,,--,-
6439472,Mathematics,Smarter Balanced Assessment,TS,2277,L1,N
6252476,Mathematics,Smarter Balanced Assessment,TS,2514,L3,Y
6906748,Mathematics,Smarter Balanced Assessment,TS,2558,L3,Y
3213751,Mathematics,Smarter Balanced Assessment,TS,2374,L1,N
7535330,Mathematics,Smarter Balanced Assessment,TS,2684,L4,Y
7453170,Mathematics,Smarter Balanced Assessment,TS,2589,L3,Y
7248949,Mathematics,Smarter Balanced Assessment,NB,,L0,N
7944971,Mathematics,Smarter Balanced Assessment,NB,,L0,N
3042789,Mathematics,Smarter Balanced Assessment,TS,2529,L4,Y
6253466,Mathematics,Smarter Balanced Assessment,TS,2658,L4,Y
7827378,Mathematics,Smarter Balanced Assessment,TS,2419,L1,N
3947417,Mathematics,Smarter Balanced Assessment,NB,,L0,N
7003626,Mathematics,Smarter Balanced Assessment,RF,,L0,N
6179739,Mathematics,Smarter Balanced Assessment,TS,2477,L2,N
7839397,Mathematics,Smarter Balanced Assessment,TS,2477,L1,N
7809946,Mathematics,Smarter Balanced Assessment,NB,,L0,N
6884542,Mathematics,Smarter Balanced Assessment,TS,2458,L2,N
7916975,Mathematics,Smarter Balanced Assessment,NB,,L0,N
6095715,Mathematics,Smarter Balanced Assessment,TS,2379,L1,N
6392587,Mathematics,Smarter Balanced Assessment,TS,2516,L4,Y
6552486,Mathematics,Smarter Balanced Assessment,TS,2617,L4,Y
7928302,Mathematics,Smarter Balanced Assessment,RF,,L0,N
6668470,Mathematics,Smarter Balanced Assessment,TS,2398,L2,N
3587749,Mathematics,Smarter Balanced Assessment,NB,,L0,N
6358700,Mathematics,Smarter Balanced Assessment,TS,2492,L2,N
6797776,Mathematics,Smarter Balanced Assessment,TS,2505,L2,N
3580749,Mathematics,Smarter Balanced Assessment,TS,2546,L3,Y
6177535,Mathematics,Smarter Balanced Assessment,TS,2381,L2,N
7365382,Mathematics,Smarter Balanced Assessment,NB,,L0,N
7216389,Mathematics,Smarter Balanced Assessment,TS,2503,L1,N
3067442,Mathematics,Smarter Balanced Assessment,NB,,L0,N
7691338,Mathematics,Smarter Balanced Assessment,TS,2558,L3,Y
7642334,Mathematics,Smarter Balanced Assessment,TS,2712,L4,Y
6313764,Mathematics,Smarter Balanced Assessment,TS,2484,L2,N
6102764,Mathematics,Smarter Balanced Assessment,TS,2532,L3,Y
7147829,Mathematics,Smarter Balanced Assessment,TS,2682,L4,Y
7440885,Mathematics,Smarter Balanced Assessment,TS,2396,L1,N
6041774,Mathematics,Smarter Balanced Assessment,TS,2566,L3,Y
3156745,Mathematics,Smarter Balanced Assessment,TS,2486,L3,Y
7799884,Mathematics,Smarter Balanced Assessment,TS,2675,L4,Y
3846749,Mathematics,Smarter Balanced Assessment,TS,2460,L1,N
3665419,Mathematics,Smarter Balanced Assessment,TS,2573,L2,N
7244173,Mathematics,Smarter Balanced Assessment,NB,,L0,N
6070477,Mathematics,Smarter Balanced Assessment,TS,2410,L2,N
3705788,Mathematics,Smarter Balanced Assessment,NB,,L0,N
6742400,Mathematics,Smarter Balanced Assessment,TS,2418,L1,N
7997167,Mathematics,Smarter Balanced Assessment,RF,,L0,N
7718333,Mathematics,Smarter Balanced Assessment,TS,2494,L2,N
7127814,Mathematics,Smarter Balanced Assessment,TS,2312,L1,N
6775454,Mathematics,Smarter Balanced Assessment,TS,2516,L3,Y
3102745,Mathematics,Smarter Balanced Assessment,PE,,--,-
7905975,Mathematics,Smarter Balanced Assessment,PE,,--,-
7905975,Mathematics,Smarter Balanced Assessment,PE,,--,-
6021701,Mathematics,Smarter Balanced Assessment,TS,2433,L1,N
6244792,Mathematics,Smarter Balanced Assessment,TS,2576,L3,Y
3544413,Mathematics,Smarter Balanced Assessment,TS,2580,L2,N
7119347,Mathematics,Smarter Balanced Assessment,TS,2250,L1,N
7353893,Mathematics,Smarter Balanced Assessment,TS,2361,L1,N
6014491,Mathematics,Smarter Balanced Assessment,NB,,L0,N
6499487,Mathematics,Smarter Balanced Assessment,TS,2621,L4,Y
7389884,Mathematics,Smarter Balanced Assessment,TS,2708,L4,Y
6187717,Mathematics,Smarter Balanced Assessment,TS,2707,L4,Y
7973959,Mathematics,Smarter Balanced Assessment,NB,,L0,N
6933475,Mathematics,Smarter Balanced Assessment,TS,2494,L3,Y
7231808,Mathematics,Smarter Balanced Assessment,TS,2440,L2,N
7401312,Mathematics,Smarter Balanced Assessment,TS,2413,L1,N
7939148,Mathematics,Smarter Balanced Assessment,TS,2335,L1,N
7286321,Mathematics,Smarter Balanced Assessment,TS,2714,L4,Y
3480796,Mathematics,Smarter Balanced Assessment,TS,2559,L2,N
6367510,Mathematics,Smarter Balanced Assessment,TS,2489,L2,N
6393514,Mathematics,Smarter Balanced Assessment,TS,2527,L3,Y
6426586,Mathematics,Smarter Balanced Assessment,TS,2513,L4,Y
6044701,Mathematics,Smarter Balanced Assessment,TS,2492,L2,N
3945442,Mathematics,Smarter Balanced Assessment,TS,2389,L2,N
7688947,Mathematics,Smarter Balanced Assessment,NB,,L0,N
6208778,Mathematics,Smarter Balanced Assessment,TS,2314,L1,N
7651809,Mathematics,Smarter Balanced Assessment,TS,2591,L3,Y
6754555,Mathematics,Smarter Balanced Assessment,TS,2480,L3,Y
7206300,Mathematics,Smarter Balanced Assessment,TS,2557,L3,Y
3830712,Mathematics,Smarter Balanced Assessment,TS,2606,L4,Y
7443864,Mathematics,Smarter Balanced Assessment,TS,2595,L3,Y
6701796,Mathematics,Smarter Balanced Assessment,RF,,L0,N
7741168,Mathematics,Smarter Balanced Assessment,TS,2636,L3,Y
6318781,Mathematics,Smarter Balanced Assessment,TS,2623,L4,Y
6611425,Mathematics,Smarter Balanced Assessment,TS,2532,L3,Y
6413712,Mathematics,Smarter Balanced Assessment,TS,2480,L2,N
6601407,Mathematics,Smarter Balanced Assessment,TS,2467,L2,N
7042033,Mathematics,Smarter Balanced Assessment,NB,,L0,N
7798170,Mathematics,Smarter Balanced Assessment,NB,,L0,N
3138745,Mathematics,Smarter Balanced Assessment,TS,2310,L1,N
7552826,Mathematics,Smarter Balanced Assessment,TS,2575,L3,Y
6557435,Mathematics,Smarter Balanced Assessment,TS,2368,L1,N
6598776,Mathematics,Smarter Balanced Assessment,TS,2596,L4,Y
7706837,Mathematics,Smarter Balanced Assessment,TS,2569,L3,Y
6640721,Mathematics,Smarter Balanced Assessment,TS,2601,L4,Y
7587950,Mathematics,Smarter Balanced Assessment,NB,,L0,N
6461743,Mathematics,Smarter Balanced Assessment,TS,2519,L2,N
6140559,Mathematics,Smarter Balanced Assessment,TS,2468,L1,N
7458208,Mathematics,Smarter Balanced Assessment,PE,,--,-
7458208,Mathematics,Smarter Balanced Assessment,NE,,--,-
6586730,Mathematics,Smarter Balanced Assessment,TS,2700,L4,Y
7806812,Mathematics,Smarter Balanced Assessment,NB,,L0,N
6454444,Mathematics,Smarter Balanced Assessment,TS,2445,L2,N
7492159,Mathematics,Smarter Balanced Assessment,TS,2477,L1,N
7463944,Mathematics,Smarter Balanced Assessment,NB,,L0,N
6578478,Mathematics,Smarter Balanced Assessment,TS,2447,BA,Y
6614786,Mathematics,Smarter Balanced Assessment,TS,2265,L1,N
6906462,Mathematics,Smarter Balanced Assessment,TS,2548,L3,Y
3540417,Mathematics,Smarter Balanced Assessment,RF,,L0,N
6565750,Mathematics,Smarter Balanced Assessment,TS,2475,L2,N
7940372,Mathematics,Smarter Balanced Assessment,TS,2396,L1,N
3946719,Mathematics,Smarter Balanced Assessment,TS,2217,L1,N
7677864,Mathematics,Smarter Balanced Assessment,TS,2546,L2,N
3427714,Mathematics,Smarter Balanced Assessment,TS,2282,L1,N
6407454,Mathematics,Smarter Balanced Assessment,TS,2659,L4,Y
6404472,Mathematics,Smarter Balanced Assessment,TS,2345,L1,N
3120780,Mathematics,Smarter Balanced Assessment,TS,2394,L1,N
3362447,Mathematics,Smarter Balanced Assessment,PE,,--,-
6193471,Mathematics,Smarter Balanced Assessment,TS,2451,L2,N
7624122,Mathematics,Smarter Balanced Assessment,NB,,L0,N
6584462,Mathematics,Smarter Balanced Assessment,TS,2476,L2,N
6738725,Mathematics,Smarter Balanced Assessment,TS,2508,L2,N
3614788,Mathematics,Smarter Balanced Assessment,TS,2541,L2,N
7963699,Mathematics,Smarter Balanced Assessment,NE,,--,-
6955747,Mathematics,Smarter Balanced Assessment,TS,2615,L3,Y
6398510,Mathematics,Smarter Balanced Assessment,TS,2402,L1,N
6402582,Mathematics,Smarter Balanced Assessment,TS,2516,L4,Y
3262783,Mathematics,Smarter Balanced Assessment,TS,2334,L1,N
6302593,Mathematics,Smarter Balanced Assessment,TS,2514,L4,Y
3440786,Mathematics,Smarter Balanced Assessment,TS,2474,L3,Y
3343419,Mathematics,Smarter Balanced Assessment,TS,2450,L3,Y
7102360,Mathematics,Smarter Balanced Assessment,TS,2547,L2,N
3005751,Mathematics,Smarter Balanced Assessment,TS,2422,L1,N
6868424,Mathematics,Smarter Balanced Assessment,TS,2506,L2,N
3244718,Mathematics,Smarter Balanced Assessment,TS,2403,L1,N
6963724,Mathematics,Smarter Balanced Assessment,TS,2700,L4,Y
6075475,Mathematics,Smarter Balanced Assessment,TS,2459,L2,N
7889941,Mathematics,Smarter Balanced Assessment,NB,,L0,N
6978713,Mathematics,Smarter Balanced Assessment,TS,2599,L3,Y
6185517,Mathematics,Smarter Balanced Assessment,TS,2431,L2,N
6665789,Mathematics,Smarter Balanced Assessment,NB,,L0,N
7258827,Mathematics,Smarter Balanced Assessment,TS,2294,L1,N
7280139,Mathematics,Smarter Balanced Assessment,NB,,L0,N
7767882,Mathematics,Smarter Balanced Assessment,TS,2670,L4,Y
7353300,Mathematics,Smarter Balanced Assessment,TS,2363,L1,N
7331823,Mathematics,Smarter Balanced Assessment,TS,2521,L2,N
7830351,Mathematics,Smarter Balanced Assessment,NB,,L0,N
7880949,Mathematics,Smarter Balanced Assessment,NB,,L0,N
6704781,Mathematics,Smarter Balanced Assessment,TS,2497,L2,N
3383413,Mathematics,Smarter Balanced Assessment,TS,2297,L1,N
3429749,Mathematics,Smarter Balanced Assessment,TS,2376,L1,N
6500583,Mathematics,Smarter Balanced Assessment,TS,2453,L3,Y
3604741,Mathematics,Smarter Balanced Assessment,TS,2376,L1,N
6533772,Mathematics,Smarter Balanced Assessment,TS,2538,L2,N
7585996,Mathematics,Smarter Balanced Assessment,NB,,L0,N
3426712,Mathematics,Smarter Balanced Assessment,TS,2456,L3,Y
6981729,Mathematics,Smarter Balanced Assessment,TS,2347,L1,N
7583839,Mathematics,Smarter Balanced Assessment,TS,2553,L3,Y
6133701,Mathematics,Smarter Balanced Assessment,TS,2594,L3,Y
3864419,Mathematics,Smarter Balanced Assessment,TS,2494,L2,N
7832164,Mathematics,Smarter Balanced Assessment,TS,2542,L2,N
3344442,Mathematics,Smarter Balanced Assessment,TS,2470,L1,N
6079486,Mathematics,Smarter Balanced Assessment,TS,2503,L3,Y
7729909,Mathematics,Smarter Balanced Assessment,TS,2666,L3,Y
7594222,Mathematics,Smarter Balanced Assessment,NB,,L0,N
7234884,Mathematics,Smarter Balanced Assessment,TS,2471,L1,N
6665742,Mathematics,Smarter Balanced Assessment,TS,2502,L2,N
6246791,Mathematics,Smarter Balanced Assessment,TS,2578,L3,Y
7648663,Mathematics,Smarter Balanced Assessment,NB,,L0,N
7433955,Mathematics,Smarter Balanced Assessment,NB,,L0,N
7418100,Mathematics,Smarter Balanced Assessment,TS,2523,L2,N
6609770,Mathematics,Smarter Balanced Assessment,TS,2447,L1,N
7028813,Mathematics,Smarter Balanced Assessment,NB,,L0,N
3729447,Mathematics,Smarter Balanced Assessment,NN,,--,-
3326788,Mathematics,Smarter Balanced Assessment,TS,2526,L2,N
7600875,Mathematics,Smarter Balanced Assessment,TS,2483,L2,N
3628786,Mathematics,Smarter Balanced Assessment,TS,2464,L2,N
7069330,Mathematics,Smarter Balanced Assessment,TS,2509,L2,N
6249446,Mathematics,Smarter Balanced Assessment,TS,2441,L1,N
6313482,Mathematics,Smarter Balanced Assessment,TS,2537,L3,Y
7362183,Mathematics,Smarter Balanced Assessment,TS,2598,L3,Y
6761413,Mathematics,Smarter Balanced Assessment,TS,2590,L3,Y
7111956,Mathematics,Smarter Balanced Assessment,NB,,L0,N
6940484,Mathematics,Smarter Balanced Assessment,TS,2460,L2,N
7197134,Mathematics,Smarter Balanced Assessment,TS,2359,L1,N
3584785,Mathematics,Smarter Balanced Assessment,NB,,L0,N
6618789,Mathematics,Smarter Balanced Assessment,NB,,L0,N
3933447,Mathematics,Smarter Balanced Assessment,TS,2448,L1,N
7987305,Mathematics,Smarter Balanced Assessment,TS,2614,L3,Y
6124484,Mathematics,Smarter Balanced Assessment,TS,2559,L3,Y
7670828,Mathematics,Smarter Balanced Assessment,TS,2478,L2,N
6602406,Mathematics,Smarter Balanced Assessment,NB,,L0,N
7821335,Mathematics,Smarter Balanced Assessment,TS,2474,L1,N
7902890,Mathematics,Smarter Balanced Assessment,RF,,L0,N
3623749,Mathematics,Smarter Balanced Assessment,TS,2492,L3,Y
6983497,Mathematics,Smarter Balanced Assessment,TS,2461,L2,N
3930716,Mathematics,Smarter Balanced Assessment,TS,2460,L3,Y
6479482,Mathematics,Smarter Balanced Assessment,TS,2283,L1,N
6316700,Mathematics,Smarter Balanced Assessment,TS,2527,L2,N
7724650,Mathematics,Smarter Balanced Assessment,NB,,L0,N
7108975,Mathematics,Smarter Balanced Assessment,RF,,L0,N
7108975,Mathematics,Smarter Balanced Assessment,NE,,--,-
6908776,Mathematics,Smarter Balanced Assessment,TS,2596,L4,Y
6678701,Mathematics,Smarter Balanced Assessment,TS,2614,L4,Y
3623718,Mathematics,Smarter Balanced Assessment,TS,2366,L1,N
7929386,Mathematics,Smarter Balanced Assessment,TS,2265,L1,N
6836438,Mathematics,Smarter Balanced Assessment,TS,2554,L4,Y
7015129,Mathematics,Smarter Balanced Assessment,TS,2564,L2,N
6087755,Mathematics,Smarter Balanced Assessment,TS,2534,L4,Y
7305324,Mathematics,Smarter Balanced Assessment,TS,2449,L1,N
7952987,Mathematics,Smarter Balanced Assessment,NB,,L0,N
7312815,Mathematics,Smarter Balanced Assessment,TS,2644,L4,Y
3144745,Mathematics,Smarter Balanced Assessment,TS,2438,L3,Y
6421484,Mathematics,Smarter Balanced Assessment,TS,2398,L1,N
7487957,Mathematics,Smarter Balanced Assessment,NB,,L0,N
6842787,Mathematics,Smarter Balanced Assessment,NB,,L0,N
7065366,Mathematics,Smarter Balanced Assessment,TS,2595,L3,Y
3257447,Mathematics,Smarter Balanced Assessment,TS,2605,L3,Y
6926517,Mathematics,Smarter Balanced Assessment,TS,2452,L1,N
6494482,Mathematics,Smarter Balanced Assessment,TS,2374,L1,N
6170421,Mathematics,Smarter Balanced Assessment,TS,2659,L4,Y
3666412,Mathematics,Smarter Balanced Assessment,TS,2394,L2,N
3633714,Mathematics,Smarter Balanced Assessment,TS,2418,L2,N
6903729,Mathematics,Smarter Balanced Assessment,RF,,L0,N
3248447,Mathematics,Smarter Balanced Assessment,TS,2345,L1,N
7813869,Mathematics,Smarter Balanced Assessment,TS,2527,L2,N
7591328,Mathematics,Smarter Balanced Assessment,TS,2532,L3,Y
6729796,Mathematics,Smarter Balanced Assessment,TS,2499,L2,N
7140362,Mathematics,Smarter Balanced Assessment,TS,2613,L3,Y
7969302,Mathematics,Smarter Balanced Assessment,RF,,L0,N
3502780,Mathematics,Smarter Balanced Assessment,TS,2546,L3,Y
3625449,Mathematics,Smarter Balanced Assessment,TS,2340,L1,N
7657380,Mathematics,Smarter Balanced Assessment,RF,,L0,N
7400328,Mathematics,Smarter Balanced Assessment,TS,2724,L4,Y
6362758,Mathematics,Smarter Balanced Assessment,TS,2491,L2,N
3337782,Mathematics,Smarter Balanced Assessment,TS,2454,L3,Y
7656195,Mathematics,Smarter Balanced Assessment,TS,2723,L4,Y
3624449,Mathematics,Smarter Balanced Assessment,TS,2467,L1,N
6329583,Mathematics,Smarter Balanced Assessment,TS,2389,L2,N